<step title="Incoming Request" date="2023-11-16T00:33:20.331" instance="c8fb3b" url="/api/deployments/latest?deployer=Push-Deployer&amp;time=2023-11-16_00-33-11Z" method="GET" type="request" pid="87,1,3" Host="conform3d.scm.azurewebsites.net" User-Agent="websdk/WebSdk_VisualStudio_17.0 websdk/WebSdk_VisualStudio_17.0 websdk/WebSdk_VisualStudio_17.0 websdk/WebSdk_VisualStudio_17.0" Authorization="Bas..." Cookie="ARRAffinity=c8fb3b5a823bfbb2d788ddf199e5ecc35671bb8032d40fd8731abd02a1110dbd; ARRAffinitySameSite=c8fb3b5a823bfbb2d788ddf199e5ecc35671bb8032d40fd8731abd02a1110dbd" X-ARR-LOG-ID="f0d1b9c3-c643-4764-ac55-692017b3ecce" CLIENT-IP="206.83.113.121:15953" X-Client-IP="206.83.113.121" X-SITE-DEPLOYMENT-ID="conform3d" WAS-DEFAULT-HOSTNAME="conform3d.scm.azurewebsites.net" X-Forwarded-Proto="https" X-AppService-Proto="https" X-Forwarded-TlsVersion="1.3" X-WAWS-Unencoded-URL="/api/deployments/latest?deployer=Push-Deployer&amp;time=2023-11-16_00-33-11Z" X-Client-Port="15953" >
  <step title="Cleanup Xml Logs" date="2023-11-16T00:33:20.347" /><!-- duration: 32ms -->
  <step title="DeploymentService.GetResult" date="2023-11-16T00:33:20.469" >
    <step title="DeploymentService.GetLatestDeployment" date="2023-11-16T00:33:20.477" >
      <step title="DeploymentManager.GetResults" date="2023-11-16T00:33:20.480" /><!-- duration: 318ms -->
      <step title="Deployment 4842194a-49f1-4ea2-9b4a-93f1822c8ae1 is Building" date="2023-11-16T00:33:20.800" /><!-- duration: 3ms -->
    </step><!-- duration: 328ms -->
  </step><!-- duration: 339ms -->
  <step title="Outgoing response" date="2023-11-16T00:33:20.812" type="response" statusCode="202" statusText="Accepted" /><!-- duration: 2ms -->
</step><!-- duration: 486ms -->
