<step title="BackgroundTrace" date="2023-11-15T10:06:36.715" instance="c8fb3b" url="/api/zipdeploy" method="POST" >
  <step title="Cleanup Xml Logs" date="2023-11-15T10:06:36.718" /><!-- duration: 5ms -->
  <step title="Creating temporary deployment - FetchDeploymentManager" date="2023-11-15T10:06:37.423" /><!-- duration: 2ms -->
  <step title="Creating temporary deployment" date="2023-11-15T10:06:37.428" /><!-- duration: 1600ms -->
  <step title="Performing fetch based deployment" date="2023-11-15T10:06:39.209" >
    <step title="Cleaning up temp folders from previous zip deployments and extracting pushed zip file /tmp/zipdeploy/cdd1ca96-46af-4949-aaaa-c42883d24948.zip (2.89 MB) to /tmp/zipdeploy/extracted" date="2023-11-15T10:06:40.629" >
      <step title="ChmodRecursive Process exited with total time taken in ms: 666" date="2023-11-15T10:06:41.950" /><!-- duration: 5ms -->
    </step><!-- duration: 1335ms -->
    <step title="Before sending BuildRequestReceived status to /api/updatedeploystatus" date="2023-11-15T10:06:43.975" /><!-- duration: 6ms -->
    <step title=" PostAsync - Trying to send BuildRequestReceived deployment status to /api/app/updatedeploystatus. DeploymentId is a66c670e-0990-4dfd-803a-c39f630b2927" date="2023-11-15T10:06:43.985" /><!-- duration: 2ms -->
    <step title=" PostAsync - Trying to send BuildInProgress deployment status to /api/app/updatedeploystatus. DeploymentId is a66c670e-0990-4dfd-803a-c39f630b2927" date="2023-11-15T10:06:47.149" /><!-- duration: 6ms -->
    <step title="Deployment timer started" date="2023-11-15T10:06:47.348" >
      <step title="DeploymentManager.Deploy(id:a66c670e-0990-4dfd-803a-c39f630b2927)" date="2023-11-15T10:06:47.351" >
        <step title="Collecting changeset information" date="2023-11-15T10:06:47.371" /><!-- duration: 279ms -->
        <step title="Updating submodules" date="2023-11-15T10:06:47.654" /><!-- duration: 1073ms -->
        <step title="Determining deployment builder" date="2023-11-15T10:06:48.945" >
          <step title="Builder is BasicBuilder" date="2023-11-15T10:06:48.955" /><!-- duration: 3ms -->
        </step><!-- duration: 19ms -->
        <step title="PreDeployment: context.CleanOutputPath False" date="2023-11-15T10:06:49.004" >
          <step title="PreDeployment: context.OutputPath /home/site/wwwroot" date="2023-11-15T10:06:49.100" >
            <step title="Building" date="2023-11-15T10:06:49.204" >
              <step title="Generating deployment script" date="2023-11-15T10:06:49.331" >
                <step title="Using cached version of the deployment script for command: -y --no-dot-deployment -r &quot;/tmp/zipdeploy/extracted&quot; -o &quot;/home/site/deployments/tools&quot; --basic --sitePath &quot;/tmp/zipdeploy/extracted&quot;" date="2023-11-15T10:06:50.045" /><!-- duration: 6ms -->
              </step><!-- duration: 742ms -->
              <step title="Executing external process" date="2023-11-15T10:06:50.201" type="process" path="starter.sh" arguments="&quot;/home/site/deployments/tools/deploy.sh&quot;" /><!-- duration: 49805ms -->
              <step title="Triggering recycle (preview mode disabled)." date="2023-11-15T10:07:40.233" /><!-- duration: 3ms -->
              <step title="Modified file to trigger a restart of the app container." date="2023-11-15T10:07:40.261" /><!-- duration: 4ms -->
              <step title="Skip function trigger and logicapp sync because function is not enabled." date="2023-11-15T10:07:40.268" /><!-- duration: 2ms -->
            </step><!-- duration: 51665ms -->
          </step><!-- duration: 51774ms -->
          <step title="Cleaning up temp files" date="2023-11-15T10:07:40.878" /><!-- duration: 430ms -->
          <step title="Cleaning up temp files" date="2023-11-15T10:07:41.321" /><!-- duration: 638ms -->
          <step title="Reloading status file with latest updates" date="2023-11-15T10:07:41.980" >
            <step title="WebHooksManager.PublishEventAsync: PostDeployment" date="2023-11-15T10:07:41.985" /><!-- duration: 311ms -->
          </step><!-- duration: 319ms -->
          <step title=" PostAsync - Trying to send BuildSuccessful deployment status to /api/app/updatedeploystatus. DeploymentId is a66c670e-0990-4dfd-803a-c39f630b2927" date="2023-11-15T10:07:42.303" /><!-- duration: 4ms -->
          <step title="Begin HttpPost https://conform3d.scm.azurewebsites.net/api/app/updatedeploystatus, x-ms-request-id: 00000000-0000-0000-0000-000000000000" date="2023-11-15T10:07:42.396" /><!-- duration: 4ms -->
          <step title="End HttpPost, status: OK" date="2023-11-15T10:07:42.526" /><!-- duration: 12ms -->
          <step title="Cleaning up temporary deployment - fetch deployment was successful" date="2023-11-15T10:07:42.543" /><!-- duration: 20ms -->
        </step><!-- duration: 53621ms -->
      </step><!-- duration: 55298ms -->
