<step title="Incoming Request" date="2023-11-15T10:07:35.250" instance="c8fb3b" url="/api/deployments/latest?deployer=Push-Deployer&amp;time=2023-11-15_10-06-39Z" method="GET" type="request" pid="87,1,17" Host="conform3d.scm.azurewebsites.net" User-Agent="websdk/WebSdk_VisualStudio_17.0 websdk/WebSdk_VisualStudio_17.0 websdk/WebSdk_VisualStudio_17.0 websdk/WebSdk_VisualStudio_17.0 websdk/WebSdk_VisualStudio_17.0 websdk/WebSdk_VisualStudio_17.0 websdk/WebSdk_VisualStudio_17.0 websdk/WebSdk_VisualStudio_17.0 websdk/WebSdk_VisualStudio_17.0 websdk/WebSdk_VisualStudio_17.0 websdk/WebSdk_VisualStudio_17.0 websdk/WebSdk_VisualStudio_17.0 websdk/WebSdk_VisualStudio_17.0 websdk/WebSdk_VisualStudio_17.0 websdk/WebSdk_VisualStudio_17.0" Authorization="Bas..." Cookie="ARRAffinity=c8fb3b5a823bfbb2d788ddf199e5ecc35671bb8032d40fd8731abd02a1110dbd; ARRAffinitySameSite=c8fb3b5a823bfbb2d788ddf199e5ecc35671bb8032d40fd8731abd02a1110dbd" X-ARR-LOG-ID="c982dbdb-525a-4140-8f87-9ba57308a97d" CLIENT-IP="206.83.113.121:56109" X-Client-IP="206.83.113.121" X-SITE-DEPLOYMENT-ID="conform3d" WAS-DEFAULT-HOSTNAME="conform3d.scm.azurewebsites.net" X-Forwarded-Proto="https" X-AppService-Proto="https" X-Forwarded-TlsVersion="1.3" X-WAWS-Unencoded-URL="/api/deployments/latest?deployer=Push-Deployer&amp;time=2023-11-15_10-06-39Z" X-Client-Port="56109" >
  <step title="Cleanup Xml Logs" date="2023-11-15T10:07:35.252" /><!-- duration: 16ms -->
  <step title="DeploymentService.GetResult" date="2023-11-15T10:07:35.282" >
    <step title="DeploymentService.GetLatestDeployment" date="2023-11-15T10:07:35.284" >
      <step title="DeploymentManager.GetResults" date="2023-11-15T10:07:35.288" /><!-- duration: 149ms -->
      <step title="Deployment a66c670e-0990-4dfd-803a-c39f630b2927 is Building" date="2023-11-15T10:07:35.441" /><!-- duration: 2ms -->
    </step><!-- duration: 162ms -->
  </step><!-- duration: 167ms -->
  <step title="Outgoing response" date="2023-11-15T10:07:35.469" type="response" statusCode="202" statusText="Accepted" /><!-- duration: 3ms -->
</step><!-- duration: 230ms -->
