<step title="Incoming Request" date="2023-11-16T00:33:24.082" instance="c8fb3b" url="/api/deployments/latest?deployer=Push-Deployer&amp;time=2023-11-16_00-33-11Z" method="GET" type="request" pid="87,1,24" Host="conform3d.scm.azurewebsites.net" User-Agent="websdk/WebSdk_VisualStudio_17.0 websdk/WebSdk_VisualStudio_17.0 websdk/WebSdk_VisualStudio_17.0 websdk/WebSdk_VisualStudio_17.0 websdk/WebSdk_VisualStudio_17.0" Authorization="Bas..." Cookie="ARRAffinity=c8fb3b5a823bfbb2d788ddf199e5ecc35671bb8032d40fd8731abd02a1110dbd; ARRAffinitySameSite=c8fb3b5a823bfbb2d788ddf199e5ecc35671bb8032d40fd8731abd02a1110dbd" X-ARR-LOG-ID="b303cd5a-e6ba-4b00-887a-8d3a1b96599f" CLIENT-IP="206.83.113.121:15953" X-Client-IP="206.83.113.121" X-SITE-DEPLOYMENT-ID="conform3d" WAS-DEFAULT-HOSTNAME="conform3d.scm.azurewebsites.net" X-Forwarded-Proto="https" X-AppService-Proto="https" X-Forwarded-TlsVersion="1.3" X-WAWS-Unencoded-URL="/api/deployments/latest?deployer=Push-Deployer&amp;time=2023-11-16_00-33-11Z" X-Client-Port="15953" >
  <step title="Cleanup Xml Logs" date="2023-11-16T00:33:24.085" /><!-- duration: 7ms -->
  <step title="DeploymentService.GetResult" date="2023-11-16T00:33:24.098" >
    <step title="DeploymentService.GetLatestDeployment" date="2023-11-16T00:33:24.100" >
      <step title="DeploymentManager.GetResults" date="2023-11-16T00:33:24.104" /><!-- duration: 267ms -->
      <step title="Deployment temp-be526482 is Pending" date="2023-11-16T00:33:24.374" /><!-- duration: 2ms -->
    </step><!-- duration: 278ms -->
  </step><!-- duration: 306ms -->
  <step title="Outgoing response" date="2023-11-16T00:33:24.408" type="response" statusCode="202" statusText="Accepted" /><!-- duration: 2ms -->
</step><!-- duration: 330ms -->
