<step title="BackgroundTrace" date="2023-11-15T09:46:32.574" instance="c8fb3b" url="/api/zipdeploy" method="POST" >
  <step title="Cleanup Xml Logs" date="2023-11-15T09:46:32.581" /><!-- duration: 5ms -->
  <step title="Creating temporary deployment - FetchDeploymentManager" date="2023-11-15T09:46:32.691" /><!-- duration: 2ms -->
  <step title="Creating temporary deployment" date="2023-11-15T09:46:32.696" /><!-- duration: 350ms -->
  <step title="Performing fetch based deployment" date="2023-11-15T09:46:33.124" >
    <step title="Cleaning up temp folders from previous zip deployments and extracting pushed zip file /tmp/zipdeploy/76664d32-7ad6-4f6b-89ff-0d3189277b60.zip (2.89 MB) to /tmp/zipdeploy/extracted" date="2023-11-15T09:46:34.418" >
      <step title="ChmodRecursive Process exited with total time taken in ms: 748" date="2023-11-15T09:46:35.438" /><!-- duration: 5ms -->
    </step><!-- duration: 1027ms -->
    <step title="Before sending BuildRequestReceived status to /api/updatedeploystatus" date="2023-11-15T09:46:37.463" /><!-- duration: 6ms -->
    <step title=" PostAsync - Trying to send BuildRequestReceived deployment status to /api/app/updatedeploystatus. DeploymentId is d1a138f9-38dc-4494-8fc1-5f2bfb9b0daa" date="2023-11-15T09:46:37.474" /><!-- duration: 7ms -->
    <step title=" PostAsync - Trying to send BuildInProgress deployment status to /api/app/updatedeploystatus. DeploymentId is d1a138f9-38dc-4494-8fc1-5f2bfb9b0daa" date="2023-11-15T09:46:39.727" /><!-- duration: 9ms -->
    <step title="Deployment timer started" date="2023-11-15T09:46:39.888" >
      <step title="DeploymentManager.Deploy(id:d1a138f9-38dc-4494-8fc1-5f2bfb9b0daa)" date="2023-11-15T09:46:39.891" >
        <step title="Collecting changeset information" date="2023-11-15T09:46:39.907" /><!-- duration: 201ms -->
        <step title="Updating submodules" date="2023-11-15T09:46:40.113" /><!-- duration: 1166ms -->
        <step title="Determining deployment builder" date="2023-11-15T09:46:41.473" >
          <step title="Builder is BasicBuilder" date="2023-11-15T09:46:41.510" /><!-- duration: 3ms -->
        </step><!-- duration: 43ms -->
        <step title="PreDeployment: context.CleanOutputPath False" date="2023-11-15T09:46:41.541" >
          <step title="PreDeployment: context.OutputPath /home/site/wwwroot" date="2023-11-15T09:46:41.636" >
            <step title="Building" date="2023-11-15T09:46:41.759" >
              <step title="Generating deployment script" date="2023-11-15T09:46:41.858" >
                <step title="Executing external process" date="2023-11-15T09:46:42.024" type="process" path="starter.sh" arguments="&quot;/opt/Kudu/node_modules/.bin/kuduscript&quot; -y --no-dot-deployment -r &quot;/tmp/zipdeploy/extracted&quot; -o &quot;/home/site/deployments/tools&quot; --basic --sitePath &quot;/tmp/zipdeploy/extracted&quot;" /><!-- duration: 1477ms -->
                <step title="Saved cached version of the deployment script for command -y --no-dot-deployment -r &quot;/tmp/zipdeploy/extracted&quot; -o &quot;/home/site/deployments/tools&quot; --basic --sitePath &quot;/tmp/zipdeploy/extracted&quot;" date="2023-11-15T09:46:43.723" /><!-- duration: 4ms -->
              </step><!-- duration: 1871ms -->
              <step title="Executing external process" date="2023-11-15T09:46:43.849" type="process" path="starter.sh" arguments="&quot;/home/site/deployments/tools/deploy.sh&quot;" /><!-- duration: 3374ms -->
              <step title="Triggering recycle (preview mode disabled)." date="2023-11-15T09:46:47.472" /><!-- duration: 3ms -->
              <step title="Modified file to trigger a restart of the app container." date="2023-11-15T09:46:47.506" /><!-- duration: 7ms -->
              <step title="Skip function trigger and logicapp sync because function is not enabled." date="2023-11-15T09:46:47.530" /><!-- duration: 2ms -->
            </step><!-- duration: 6356ms -->
          </step><!-- duration: 6487ms -->
          <step title="Cleaning up temp files" date="2023-11-15T09:46:48.125" /><!-- duration: 18ms -->
          <step title="Cleaning up temp files" date="2023-11-15T09:46:48.145" /><!-- duration: 540ms -->
          <step title="Reloading status file with latest updates" date="2023-11-15T09:46:48.717" >
            <step title="WebHooksManager.PublishEventAsync: PostDeployment" date="2023-11-15T09:46:48.720" /><!-- duration: 55ms -->
          </step><!-- duration: 62ms -->
          <step title=" PostAsync - Trying to send BuildSuccessful deployment status to /api/app/updatedeploystatus. DeploymentId is d1a138f9-38dc-4494-8fc1-5f2bfb9b0daa" date="2023-11-15T09:46:48.784" /><!-- duration: 3ms -->
          <step title="Begin HttpPost https://conform3d.scm.azurewebsites.net/api/app/updatedeploystatus, x-ms-request-id: 00000000-0000-0000-0000-000000000000" date="2023-11-15T09:46:48.836" /><!-- duration: 2ms -->
          <step title="End HttpPost, status: OK" date="2023-11-15T09:46:48.912" /><!-- duration: 3ms -->
          <step title="Cleaning up temporary deployment - fetch deployment was successful" date="2023-11-15T09:46:48.918" /><!-- duration: 4ms -->
        </step><!-- duration: 7444ms -->
      </step><!-- duration: 9111ms -->
