<step title="BackgroundTrace" date="2023-11-15T10:38:44.905" instance="c8fb3b" url="/api/zipdeploy" method="POST" >
  <step title="Cleanup Xml Logs" date="2023-11-15T10:38:44.909" /><!-- duration: 8ms -->
  <step title="Creating temporary deployment - FetchDeploymentManager" date="2023-11-15T10:38:45.003" /><!-- duration: 3ms -->
  <step title="Creating temporary deployment" date="2023-11-15T10:38:45.009" /><!-- duration: 384ms -->
  <step title="Performing fetch based deployment" date="2023-11-15T10:38:45.491" >
    <step title="Cleaning up temp folders from previous zip deployments and extracting pushed zip file /tmp/zipdeploy/3f21a36e-47b7-4fd0-94c7-ef92bbeeebc7.zip (2.89 MB) to /tmp/zipdeploy/extracted" date="2023-11-15T10:38:46.642" >
      <step title="ChmodRecursive Process exited with total time taken in ms: 563" date="2023-11-15T10:38:47.498" /><!-- duration: 7ms -->
    </step><!-- duration: 878ms -->
    <step title="Before sending BuildRequestReceived status to /api/updatedeploystatus" date="2023-11-15T10:38:49.539" /><!-- duration: 6ms -->
    <step title=" PostAsync - Trying to send BuildRequestReceived deployment status to /api/app/updatedeploystatus. DeploymentId is b5fa36b1-ed89-48ce-8633-4ec0b3c41ae8" date="2023-11-15T10:38:49.550" /><!-- duration: 3ms -->
    <step title=" PostAsync - Trying to send BuildInProgress deployment status to /api/app/updatedeploystatus. DeploymentId is b5fa36b1-ed89-48ce-8633-4ec0b3c41ae8" date="2023-11-15T10:38:50.886" /><!-- duration: 8ms -->
    <step title="Deployment timer started" date="2023-11-15T10:38:51.028" >
      <step title="DeploymentManager.Deploy(id:b5fa36b1-ed89-48ce-8633-4ec0b3c41ae8)" date="2023-11-15T10:38:51.032" >
        <step title="Collecting changeset information" date="2023-11-15T10:38:51.046" /><!-- duration: 117ms -->
        <step title="Updating submodules" date="2023-11-15T10:38:51.171" /><!-- duration: 1097ms -->
        <step title="Determining deployment builder" date="2023-11-15T10:38:52.430" >
          <step title="Builder is BasicBuilder" date="2023-11-15T10:38:52.449" /><!-- duration: 3ms -->
        </step><!-- duration: 25ms -->
        <step title="PreDeployment: context.CleanOutputPath False" date="2023-11-15T10:38:52.491" >
          <step title="PreDeployment: context.OutputPath /home/site/wwwroot" date="2023-11-15T10:38:52.571" >
            <step title="Building" date="2023-11-15T10:38:52.662" >
              <step title="Generating deployment script" date="2023-11-15T10:38:52.760" >
                <step title="Using cached version of the deployment script for command: -y --no-dot-deployment -r &quot;/tmp/zipdeploy/extracted&quot; -o &quot;/home/site/deployments/tools&quot; --basic --sitePath &quot;/tmp/zipdeploy/extracted&quot;" date="2023-11-15T10:38:52.834" /><!-- duration: 3ms -->
              </step><!-- duration: 94ms -->
              <step title="Executing external process" date="2023-11-15T10:38:52.983" type="process" path="starter.sh" arguments="&quot;/home/site/deployments/tools/deploy.sh&quot;" /><!-- duration: 14150ms -->
              <step title="Triggering recycle (preview mode disabled)." date="2023-11-15T10:39:07.420" /><!-- duration: 3ms -->
              <step title="Modified file to trigger a restart of the app container." date="2023-11-15T10:39:07.460" /><!-- duration: 4ms -->
              <step title="Skip function trigger and logicapp sync because function is not enabled." date="2023-11-15T10:39:07.479" /><!-- duration: 3ms -->
            </step><!-- duration: 15418ms -->
          </step><!-- duration: 15559ms -->
          <step title="Cleaning up temp files" date="2023-11-15T10:39:08.139" /><!-- duration: 33ms -->
          <step title="Cleaning up temp files" date="2023-11-15T10:39:08.180" /><!-- duration: 541ms -->
          <step title="Reloading status file with latest updates" date="2023-11-15T10:39:08.751" >
            <step title="WebHooksManager.PublishEventAsync: PostDeployment" date="2023-11-15T10:39:08.769" /><!-- duration: 128ms -->
          </step><!-- duration: 150ms -->
          <step title=" PostAsync - Trying to send BuildSuccessful deployment status to /api/app/updatedeploystatus. DeploymentId is b5fa36b1-ed89-48ce-8633-4ec0b3c41ae8" date="2023-11-15T10:39:08.927" /><!-- duration: 5ms -->
          <step title="Begin HttpPost https://conform3d.scm.azurewebsites.net/api/app/updatedeploystatus, x-ms-request-id: 00000000-0000-0000-0000-000000000000" date="2023-11-15T10:39:08.951" /><!-- duration: 4ms -->
          <step title="End HttpPost, status: OK" date="2023-11-15T10:39:09.024" /><!-- duration: 2ms -->
          <step title="Cleaning up temporary deployment - fetch deployment was successful" date="2023-11-15T10:39:09.034" /><!-- duration: 2ms -->
        </step><!-- duration: 16608ms -->
      </step><!-- duration: 18088ms -->
