<step title="Incoming Request" date="2023-11-15T09:46:14.057" instance="c8fb3b" url="/api/zipdeploy?isAsync=true" method="POST" type="request" pid="86,1,25" Host="conform3d.scm.azurewebsites.net" User-Agent="websdk/WebSdk_VisualStudio_17.0" Authorization="Bas..." Content-Type="application/zip; charset=utf-8" Expect="100-continue" Content-Length="3028995" X-ARR-LOG-ID="64bc0a75-9e3d-4ac0-8df4-c7416608cca1" CLIENT-IP="206.83.113.121:25015" X-Client-IP="206.83.113.121" X-SITE-DEPLOYMENT-ID="conform3d" WAS-DEFAULT-HOSTNAME="conform3d.scm.azurewebsites.net" X-Forwarded-Proto="https" X-AppService-Proto="https" X-Forwarded-TlsVersion="1.3" X-WAWS-Unencoded-URL="/api/zipdeploy?isAsync=true" X-Client-Port="25015" Content-Encoding="utf-8" >
  <step title="Cleanup Xml Logs" date="2023-11-15T09:46:14.069" /><!-- duration: 4ms -->
  <step title="ZipPushDeploy" date="2023-11-15T09:46:14.579" >
    <step title="ZipDeploy. Extract zip." date="2023-11-15T09:46:14.626" /><!-- duration: 5ms -->
    <step title="None repository commit" date="2023-11-15T09:46:15.179" >
      <step title="Commit id: d1a138f9-38dc-4494-8fc1-5f2bfb9b0daa" date="2023-11-15T09:46:15.184" Message="N/A" AuthorName="N/A" AuthorEmail="N/A" /><!-- duration: 3ms -->
    </step><!-- duration: 10ms -->
    <step title="Writing artifact to /tmp/zipdeploy/76664d32-7ad6-4f6b-89ff-0d3189277b60.zip" date="2023-11-15T09:46:16.089" /><!-- duration: 16361ms -->
    <step title="Start deployment in the background" date="2023-11-15T09:46:32.569" >
      <step title="Acquiring Deployment Lock" date="2023-11-15T09:46:32.603" /><!-- duration: 8ms -->
      <step title="Acquired Deployment Lock" date="2023-11-15T09:46:32.682" /><!-- duration: 3ms -->
    </step><!-- duration: 480ms -->
  </step><!-- duration: 18496ms -->
  <step title="Outgoing response" date="2023-11-15T09:46:33.093" type="response" statusCode="202" statusText="Accepted" /><!-- duration: 7ms -->
</step><!-- duration: 19046ms -->
