<step title="Incoming Request" date="2023-11-15T09:46:41.712" instance="c8fb3b" url="/api/deployments/latest?deployer=Push-Deployer&amp;time=2023-11-15_09-46-33Z" method="GET" type="request" pid="86,1,25" Host="conform3d.scm.azurewebsites.net" User-Agent="websdk/WebSdk_VisualStudio_17.0 websdk/WebSdk_VisualStudio_17.0 websdk/WebSdk_VisualStudio_17.0 websdk/WebSdk_VisualStudio_17.0" Authorization="Bas..." Cookie="ARRAffinity=c8fb3b5a823bfbb2d788ddf199e5ecc35671bb8032d40fd8731abd02a1110dbd; ARRAffinitySameSite=c8fb3b5a823bfbb2d788ddf199e5ecc35671bb8032d40fd8731abd02a1110dbd" X-ARR-LOG-ID="ef5907d1-af29-46a2-8bc0-ded4f6c026a5" CLIENT-IP="206.83.113.121:25015" X-Client-IP="206.83.113.121" X-SITE-DEPLOYMENT-ID="conform3d" WAS-DEFAULT-HOSTNAME="conform3d.scm.azurewebsites.net" X-Forwarded-Proto="https" X-AppService-Proto="https" X-Forwarded-TlsVersion="1.3" X-WAWS-Unencoded-URL="/api/deployments/latest?deployer=Push-Deployer&amp;time=2023-11-15_09-46-33Z" X-Client-Port="25015" >
  <step title="Cleanup Xml Logs" date="2023-11-15T09:46:41.724" /><!-- duration: 25ms -->
  <step title="DeploymentService.GetResult" date="2023-11-15T09:46:41.818" >
    <step title="DeploymentService.GetLatestDeployment" date="2023-11-15T09:46:41.821" >
      <step title="DeploymentManager.GetResults" date="2023-11-15T09:46:41.827" /><!-- duration: 744ms -->
      <step title="Deployment d1a138f9-38dc-4494-8fc1-5f2bfb9b0daa is Building" date="2023-11-15T09:46:42.577" /><!-- duration: 3ms -->
    </step><!-- duration: 760ms -->
  </step><!-- duration: 765ms -->
  <step title="Outgoing response" date="2023-11-15T09:46:42.589" type="response" statusCode="202" statusText="Accepted" /><!-- duration: 3ms -->
</step><!-- duration: 884ms -->
