<step title="BackgroundTrace" date="2023-11-15T23:38:18.364" instance="c8fb3b" url="/api/zipdeploy" method="POST" >
  <step title="Cleanup Xml Logs" date="2023-11-15T23:38:18.367" /><!-- duration: 6ms -->
  <step title="Creating temporary deployment - FetchDeploymentManager" date="2023-11-15T23:38:18.507" /><!-- duration: 2ms -->
  <step title="Creating temporary deployment" date="2023-11-15T23:38:18.521" /><!-- duration: 3219ms -->
  <step title="Performing fetch based deployment" date="2023-11-15T23:38:21.867" >
    <step title="Cleaning up temp folders from previous zip deployments and extracting pushed zip file /tmp/zipdeploy/85867e21-e219-4e90-b587-c53c27f9103a.zip (2.89 MB) to /tmp/zipdeploy/extracted" date="2023-11-15T23:38:26.246" >
      <step title="ChmodRecursive Process exited with total time taken in ms: 608" date="2023-11-15T23:38:27.495" /><!-- duration: 14ms -->
    </step><!-- duration: 1267ms -->
    <step title="Before sending BuildRequestReceived status to /api/updatedeploystatus" date="2023-11-15T23:38:29.528" /><!-- duration: 6ms -->
    <step title=" PostAsync - Trying to send BuildRequestReceived deployment status to /api/app/updatedeploystatus. DeploymentId is 3f6b26bd-f953-4baa-a625-504653244d7b" date="2023-11-15T23:38:29.538" /><!-- duration: 9ms -->
    <step title=" PostAsync - Trying to send BuildInProgress deployment status to /api/app/updatedeploystatus. DeploymentId is 3f6b26bd-f953-4baa-a625-504653244d7b" date="2023-11-15T23:38:31.178" /><!-- duration: 4ms -->
    <step title="Deployment timer started" date="2023-11-15T23:38:31.297" >
      <step title="DeploymentManager.Deploy(id:3f6b26bd-f953-4baa-a625-504653244d7b)" date="2023-11-15T23:38:31.300" >
        <step title="Collecting changeset information" date="2023-11-15T23:38:31.313" /><!-- duration: 329ms -->
        <step title="Updating submodules" date="2023-11-15T23:38:31.649" /><!-- duration: 1141ms -->
        <step title="Determining deployment builder" date="2023-11-15T23:38:33.055" >
          <step title="Builder is BasicBuilder" date="2023-11-15T23:38:33.063" /><!-- duration: 4ms -->
        </step><!-- duration: 15ms -->
        <step title="PreDeployment: context.CleanOutputPath False" date="2023-11-15T23:38:33.116" >
          <step title="PreDeployment: context.OutputPath /home/site/wwwroot" date="2023-11-15T23:38:33.239" >
            <step title="Building" date="2023-11-15T23:38:33.350" >
              <step title="Generating deployment script" date="2023-11-15T23:38:33.483" >
                <step title="Using cached version of the deployment script for command: -y --no-dot-deployment -r &quot;/tmp/zipdeploy/extracted&quot; -o &quot;/home/site/deployments/tools&quot; --basic --sitePath &quot;/tmp/zipdeploy/extracted&quot;" date="2023-11-15T23:38:33.540" /><!-- duration: 2ms -->
              </step><!-- duration: 77ms -->
              <step title="Executing external process" date="2023-11-15T23:38:33.713" type="process" path="starter.sh" arguments="&quot;/home/site/deployments/tools/deploy.sh&quot;" /><!-- duration: 4588ms -->
              <step title="Triggering recycle (preview mode disabled)." date="2023-11-15T23:38:38.702" /><!-- duration: 3ms -->
              <step title="Modified file to trigger a restart of the app container." date="2023-11-15T23:38:38.728" /><!-- duration: 3ms -->
              <step title="Skip function trigger and logicapp sync because function is not enabled." date="2023-11-15T23:38:38.738" /><!-- duration: 3ms -->
            </step><!-- duration: 6383ms -->
          </step><!-- duration: 6519ms -->
          <step title="Cleaning up temp files" date="2023-11-15T23:38:39.760" /><!-- duration: 16ms -->
          <step title="Cleaning up temp files" date="2023-11-15T23:38:39.779" /><!-- duration: 515ms -->
          <step title="Reloading status file with latest updates" date="2023-11-15T23:38:40.320" >
            <step title="WebHooksManager.PublishEventAsync: PostDeployment" date="2023-11-15T23:38:40.323" /><!-- duration: 98ms -->
          </step><!-- duration: 104ms -->
          <step title=" PostAsync - Trying to send BuildSuccessful deployment status to /api/app/updatedeploystatus. DeploymentId is 3f6b26bd-f953-4baa-a625-504653244d7b" date="2023-11-15T23:38:40.428" /><!-- duration: 3ms -->
          <step title="Begin HttpPost https://conform3d.scm.azurewebsites.net/api/app/updatedeploystatus, x-ms-request-id: 00000000-0000-0000-0000-000000000000" date="2023-11-15T23:38:40.456" /><!-- duration: 2ms -->
          <step title="End HttpPost, status: OK" date="2023-11-15T23:38:40.520" /><!-- duration: 8ms -->
          <step title="Cleaning up temporary deployment - fetch deployment was successful" date="2023-11-15T23:38:40.533" /><!-- duration: 2ms -->
        </step><!-- duration: 7522ms -->
      </step><!-- duration: 9355ms -->
