<step title="Incoming Request" date="2023-11-15T10:06:44.631" instance="c8fb3b" url="/api/deployments/latest?deployer=Push-Deployer&amp;time=2023-11-15_10-06-39Z" method="GET" type="request" pid="87,1,18" Host="conform3d.scm.azurewebsites.net" User-Agent="websdk/WebSdk_VisualStudio_17.0 websdk/WebSdk_VisualStudio_17.0 websdk/WebSdk_VisualStudio_17.0" Authorization="Bas..." Cookie="ARRAffinity=c8fb3b5a823bfbb2d788ddf199e5ecc35671bb8032d40fd8731abd02a1110dbd; ARRAffinitySameSite=c8fb3b5a823bfbb2d788ddf199e5ecc35671bb8032d40fd8731abd02a1110dbd" X-ARR-LOG-ID="344abc20-3d62-433d-8312-dbaf2ec16b38" CLIENT-IP="206.83.113.121:56109" X-Client-IP="206.83.113.121" X-SITE-DEPLOYMENT-ID="conform3d" WAS-DEFAULT-HOSTNAME="conform3d.scm.azurewebsites.net" X-Forwarded-Proto="https" X-AppService-Proto="https" X-Forwarded-TlsVersion="1.3" X-WAWS-Unencoded-URL="/api/deployments/latest?deployer=Push-Deployer&amp;time=2023-11-15_10-06-39Z" X-Client-Port="56109" >
  <step title="Cleanup Xml Logs" date="2023-11-15T10:06:44.633" /><!-- duration: 10ms -->
  <step title="DeploymentService.GetResult" date="2023-11-15T10:06:44.652" >
    <step title="DeploymentService.GetLatestDeployment" date="2023-11-15T10:06:44.654" >
      <step title="DeploymentManager.GetResults" date="2023-11-15T10:06:44.675" /><!-- duration: 117ms -->
      <step title="Deployment temp-85c45750 is Pending" date="2023-11-15T10:06:44.794" /><!-- duration: 3ms -->
    </step><!-- duration: 144ms -->
  </step><!-- duration: 150ms -->
  <step title="Outgoing response" date="2023-11-15T10:06:44.805" type="response" statusCode="202" statusText="Accepted" /><!-- duration: 3ms -->
</step><!-- duration: 186ms -->
