<step title="Incoming Request" date="2023-11-16T00:33:16.552" instance="c8fb3b" url="/api/deployments/latest?deployer=Push-Deployer&amp;time=2023-11-16_00-33-11Z" method="GET" type="request" pid="87,1,26" Host="conform3d.scm.azurewebsites.net" User-Agent="websdk/WebSdk_VisualStudio_17.0 websdk/WebSdk_VisualStudio_17.0 websdk/WebSdk_VisualStudio_17.0" Authorization="Bas..." Cookie="ARRAffinity=c8fb3b5a823bfbb2d788ddf199e5ecc35671bb8032d40fd8731abd02a1110dbd; ARRAffinitySameSite=c8fb3b5a823bfbb2d788ddf199e5ecc35671bb8032d40fd8731abd02a1110dbd" X-ARR-LOG-ID="7f432f5d-2f24-4145-b3b8-b995d34f4b5c" CLIENT-IP="206.83.113.121:15953" X-Client-IP="206.83.113.121" X-SITE-DEPLOYMENT-ID="conform3d" WAS-DEFAULT-HOSTNAME="conform3d.scm.azurewebsites.net" X-Forwarded-Proto="https" X-AppService-Proto="https" X-Forwarded-TlsVersion="1.3" X-WAWS-Unencoded-URL="/api/deployments/latest?deployer=Push-Deployer&amp;time=2023-11-16_00-33-11Z" X-Client-Port="15953" >
  <step title="Cleanup Xml Logs" date="2023-11-16T00:33:16.555" /><!-- duration: 6ms -->
  <step title="DeploymentService.GetResult" date="2023-11-16T00:33:16.574" >
    <step title="DeploymentService.GetLatestDeployment" date="2023-11-16T00:33:16.579" >
      <step title="DeploymentManager.GetResults" date="2023-11-16T00:33:16.584" /><!-- duration: 350ms -->
      <step title="Deployment temp-be526482 is Pending" date="2023-11-16T00:33:16.953" /><!-- duration: 2ms -->
    </step><!-- duration: 379ms -->
  </step><!-- duration: 386ms -->
  <step title="Outgoing response" date="2023-11-16T00:33:16.967" type="response" statusCode="202" statusText="Accepted" /><!-- duration: 2ms -->
</step><!-- duration: 421ms -->
