<step title="Incoming Request" date="2023-11-15T23:38:38.325" instance="c8fb3b" url="/api/deployments/latest?deployer=Push-Deployer&amp;time=2023-11-15_23-38-21Z" method="GET" type="request" pid="88,1,7" Host="conform3d.scm.azurewebsites.net" User-Agent="websdk/WebSdk_VisualStudio_17.0 websdk/WebSdk_VisualStudio_17.0 websdk/WebSdk_VisualStudio_17.0 websdk/WebSdk_VisualStudio_17.0 websdk/WebSdk_VisualStudio_17.0" Authorization="Bas..." Cookie="ARRAffinity=c8fb3b5a823bfbb2d788ddf199e5ecc35671bb8032d40fd8731abd02a1110dbd; ARRAffinitySameSite=c8fb3b5a823bfbb2d788ddf199e5ecc35671bb8032d40fd8731abd02a1110dbd" X-ARR-LOG-ID="d708ff64-5c81-4b41-becb-775571f499ae" CLIENT-IP="206.83.113.121:13141" X-Client-IP="206.83.113.121" X-SITE-DEPLOYMENT-ID="conform3d" WAS-DEFAULT-HOSTNAME="conform3d.scm.azurewebsites.net" X-Forwarded-Proto="https" X-AppService-Proto="https" X-Forwarded-TlsVersion="1.3" X-WAWS-Unencoded-URL="/api/deployments/latest?deployer=Push-Deployer&amp;time=2023-11-15_23-38-21Z" X-Client-Port="13141" >
  <step title="Cleanup Xml Logs" date="2023-11-15T23:38:38.360" /><!-- duration: 25ms -->
  <step title="DeploymentService.GetResult" date="2023-11-15T23:38:38.444" >
    <step title="DeploymentService.GetLatestDeployment" date="2023-11-15T23:38:38.449" >
      <step title="DeploymentManager.GetResults" date="2023-11-15T23:38:38.457" /><!-- duration: 1064ms -->
      <step title="Deployment 3f6b26bd-f953-4baa-a625-504653244d7b is Building" date="2023-11-15T23:38:39.527" /><!-- duration: 3ms -->
    </step><!-- duration: 1084ms -->
  </step><!-- duration: 1091ms -->
  <step title="Outgoing response" date="2023-11-15T23:38:39.539" type="response" statusCode="202" statusText="Accepted" /><!-- duration: 3ms -->
</step><!-- duration: 1220ms -->
