<step title="Incoming Request" date="2023-11-15T09:46:45.861" instance="c8fb3b" url="/api/deployments/latest?deployer=Push-Deployer&amp;time=2023-11-15_09-46-33Z" method="GET" type="request" pid="86,1,30" Host="conform3d.scm.azurewebsites.net" User-Agent="websdk/WebSdk_VisualStudio_17.0 websdk/WebSdk_VisualStudio_17.0 websdk/WebSdk_VisualStudio_17.0 websdk/WebSdk_VisualStudio_17.0 websdk/WebSdk_VisualStudio_17.0" Authorization="Bas..." Cookie="ARRAffinity=c8fb3b5a823bfbb2d788ddf199e5ecc35671bb8032d40fd8731abd02a1110dbd; ARRAffinitySameSite=c8fb3b5a823bfbb2d788ddf199e5ecc35671bb8032d40fd8731abd02a1110dbd" X-ARR-LOG-ID="7bb74216-fd79-42f4-8d0e-09fb5f0cb687" CLIENT-IP="206.83.113.121:25015" X-Client-IP="206.83.113.121" X-SITE-DEPLOYMENT-ID="conform3d" WAS-DEFAULT-HOSTNAME="conform3d.scm.azurewebsites.net" X-Forwarded-Proto="https" X-AppService-Proto="https" X-Forwarded-TlsVersion="1.3" X-WAWS-Unencoded-URL="/api/deployments/latest?deployer=Push-Deployer&amp;time=2023-11-15_09-46-33Z" X-Client-Port="25015" >
  <step title="Cleanup Xml Logs" date="2023-11-15T09:46:45.873" /><!-- duration: 35ms -->
  <step title="DeploymentService.GetResult" date="2023-11-15T09:46:45.917" >
    <step title="DeploymentService.GetLatestDeployment" date="2023-11-15T09:46:45.919" >
      <step title="DeploymentManager.GetResults" date="2023-11-15T09:46:45.922" /><!-- duration: 315ms -->
      <step title="Deployment d1a138f9-38dc-4494-8fc1-5f2bfb9b0daa is Building" date="2023-11-15T09:46:46.242" /><!-- duration: 2ms -->
    </step><!-- duration: 328ms -->
  </step><!-- duration: 332ms -->
  <step title="Outgoing response" date="2023-11-15T09:46:46.252" type="response" statusCode="202" statusText="Accepted" /><!-- duration: 4ms -->
</step><!-- duration: 414ms -->
