<step title="Incoming Request" date="2023-11-15T09:46:37.702" instance="c8fb3b" url="/api/deployments/latest?deployer=Push-Deployer&amp;time=2023-11-15_09-46-33Z" method="GET" type="request" pid="86,1,25" Host="conform3d.scm.azurewebsites.net" User-Agent="websdk/WebSdk_VisualStudio_17.0 websdk/WebSdk_VisualStudio_17.0 websdk/WebSdk_VisualStudio_17.0" Authorization="Bas..." Cookie="ARRAffinity=c8fb3b5a823bfbb2d788ddf199e5ecc35671bb8032d40fd8731abd02a1110dbd; ARRAffinitySameSite=c8fb3b5a823bfbb2d788ddf199e5ecc35671bb8032d40fd8731abd02a1110dbd" X-ARR-LOG-ID="e5180b8e-1eaa-4f3b-9478-38d4cb084be4" CLIENT-IP="206.83.113.121:25015" X-Client-IP="206.83.113.121" X-SITE-DEPLOYMENT-ID="conform3d" WAS-DEFAULT-HOSTNAME="conform3d.scm.azurewebsites.net" X-Forwarded-Proto="https" X-AppService-Proto="https" X-Forwarded-TlsVersion="1.3" X-WAWS-Unencoded-URL="/api/deployments/latest?deployer=Push-Deployer&amp;time=2023-11-15_09-46-33Z" X-Client-Port="25015" >
  <step title="Cleanup Xml Logs" date="2023-11-15T09:46:37.704" /><!-- duration: 5ms -->
  <step title="DeploymentService.GetResult" date="2023-11-15T09:46:37.717" >
    <step title="DeploymentService.GetLatestDeployment" date="2023-11-15T09:46:37.719" >
      <step title="DeploymentManager.GetResults" date="2023-11-15T09:46:37.722" /><!-- duration: 117ms -->
      <step title="Deployment temp-6e3d94ce is Pending" date="2023-11-15T09:46:37.844" /><!-- duration: 3ms -->
    </step><!-- duration: 130ms -->
  </step><!-- duration: 136ms -->
  <step title="Outgoing response" date="2023-11-15T09:46:37.855" type="response" statusCode="202" statusText="Accepted" /><!-- duration: 11ms -->
</step><!-- duration: 167ms -->
