<step title="Incoming Request" date="2023-11-15T10:19:12.630" instance="c8fb3b" url="/api/deployments/latest?deployer=Push-Deployer&amp;time=2023-11-15_10-19-05Z" method="GET" type="request" pid="87,1,16" Host="conform3d.scm.azurewebsites.net" User-Agent="websdk/WebSdk_VisualStudio_17.0 websdk/WebSdk_VisualStudio_17.0 websdk/WebSdk_VisualStudio_17.0 websdk/WebSdk_VisualStudio_17.0" Authorization="Bas..." Cookie="ARRAffinity=c8fb3b5a823bfbb2d788ddf199e5ecc35671bb8032d40fd8731abd02a1110dbd; ARRAffinitySameSite=c8fb3b5a823bfbb2d788ddf199e5ecc35671bb8032d40fd8731abd02a1110dbd" X-ARR-LOG-ID="efae7c8e-c933-4335-adf9-354379a7bb26" CLIENT-IP="206.83.113.121:12736" X-Client-IP="206.83.113.121" X-SITE-DEPLOYMENT-ID="conform3d" WAS-DEFAULT-HOSTNAME="conform3d.scm.azurewebsites.net" X-Forwarded-Proto="https" X-AppService-Proto="https" X-Forwarded-TlsVersion="1.3" X-WAWS-Unencoded-URL="/api/deployments/latest?deployer=Push-Deployer&amp;time=2023-11-15_10-19-05Z" X-Client-Port="12736" >
  <step title="Cleanup Xml Logs" date="2023-11-15T10:19:12.633" /><!-- duration: 6ms -->
  <step title="DeploymentService.GetResult" date="2023-11-15T10:19:12.668" >
    <step title="DeploymentService.GetLatestDeployment" date="2023-11-15T10:19:12.671" >
      <step title="DeploymentManager.GetResults" date="2023-11-15T10:19:12.674" /><!-- duration: 192ms -->
      <step title="Deployment b42baab6-2ec1-4d55-aa3e-ecff7c174f3c is Building" date="2023-11-15T10:19:12.869" /><!-- duration: 3ms -->
    </step><!-- duration: 204ms -->
  </step><!-- duration: 209ms -->
  <step title="Outgoing response" date="2023-11-15T10:19:12.882" type="response" statusCode="202" statusText="Accepted" /><!-- duration: 3ms -->
</step><!-- duration: 258ms -->
