<step title="BackgroundTrace" date="2023-11-16T00:33:11.054" instance="c8fb3b" url="/api/zipdeploy" method="POST" >
  <step title="Cleanup Xml Logs" date="2023-11-16T00:33:11.058" /><!-- duration: 6ms -->
  <step title="Creating temporary deployment - FetchDeploymentManager" date="2023-11-16T00:33:11.185" /><!-- duration: 2ms -->
  <step title="Creating temporary deployment" date="2023-11-16T00:33:11.191" /><!-- duration: 392ms -->
  <step title="Performing fetch based deployment" date="2023-11-16T00:33:11.680" >
    <step title="Cleaning up temp folders from previous zip deployments and extracting pushed zip file /tmp/zipdeploy/b4e496e8-a5b8-41ea-bbdd-36a92da6a269.zip (2.91 MB) to /tmp/zipdeploy/extracted" date="2023-11-16T00:33:13.702" >
      <step title="ChmodRecursive Process exited with total time taken in ms: 585" date="2023-11-16T00:33:14.539" /><!-- duration: 3ms -->
    </step><!-- duration: 844ms -->
    <step title="Before sending BuildRequestReceived status to /api/updatedeploystatus" date="2023-11-16T00:33:16.573" /><!-- duration: 5ms -->
    <step title=" PostAsync - Trying to send BuildRequestReceived deployment status to /api/app/updatedeploystatus. DeploymentId is 4842194a-49f1-4ea2-9b4a-93f1822c8ae1" date="2023-11-16T00:33:16.585" /><!-- duration: 8ms -->
    <step title=" PostAsync - Trying to send BuildInProgress deployment status to /api/app/updatedeploystatus. DeploymentId is 4842194a-49f1-4ea2-9b4a-93f1822c8ae1" date="2023-11-16T00:33:18.058" /><!-- duration: 6ms -->
    <step title="Deployment timer started" date="2023-11-16T00:33:18.168" >
      <step title="DeploymentManager.Deploy(id:4842194a-49f1-4ea2-9b4a-93f1822c8ae1)" date="2023-11-16T00:33:18.180" >
        <step title="Collecting changeset information" date="2023-11-16T00:33:18.196" /><!-- duration: 125ms -->
        <step title="Updating submodules" date="2023-11-16T00:33:18.328" /><!-- duration: 1098ms -->
        <step title="Determining deployment builder" date="2023-11-16T00:33:19.625" >
          <step title="Builder is BasicBuilder" date="2023-11-16T00:33:19.634" /><!-- duration: 2ms -->
        </step><!-- duration: 15ms -->
        <step title="PreDeployment: context.CleanOutputPath False" date="2023-11-16T00:33:19.683" >
          <step title="PreDeployment: context.OutputPath /home/site/wwwroot" date="2023-11-16T00:33:19.779" >
            <step title="Building" date="2023-11-16T00:33:19.900" >
              <step title="Generating deployment script" date="2023-11-16T00:33:19.988" >
                <step title="Using cached version of the deployment script for command: -y --no-dot-deployment -r &quot;/tmp/zipdeploy/extracted&quot; -o &quot;/home/site/deployments/tools&quot; --basic --sitePath &quot;/tmp/zipdeploy/extracted&quot;" date="2023-11-16T00:33:20.053" /><!-- duration: 3ms -->
              </step><!-- duration: 85ms -->
              <step title="Executing external process" date="2023-11-16T00:33:20.212" type="process" path="starter.sh" arguments="&quot;/home/site/deployments/tools/deploy.sh&quot;" /><!-- duration: 2630ms -->
              <step title="Triggering recycle (preview mode disabled)." date="2023-11-16T00:33:23.119" /><!-- duration: 3ms -->
              <step title="Modified file to trigger a restart of the app container." date="2023-11-16T00:33:23.150" /><!-- duration: 2ms -->
              <step title="Skip function trigger and logicapp sync because function is not enabled." date="2023-11-16T00:33:23.155" /><!-- duration: 3ms -->
            </step><!-- duration: 4025ms -->
          </step><!-- duration: 4160ms -->
          <step title="Cleaning up temp files" date="2023-11-16T00:33:23.943" /><!-- duration: 5ms -->
          <step title="Cleaning up temp files" date="2023-11-16T00:33:23.956" /><!-- duration: 515ms -->
          <step title="Reloading status file with latest updates" date="2023-11-16T00:33:24.521" >
            <step title="WebHooksManager.PublishEventAsync: PostDeployment" date="2023-11-16T00:33:24.526" /><!-- duration: 82ms -->
          </step><!-- duration: 89ms -->
          <step title=" PostAsync - Trying to send BuildSuccessful deployment status to /api/app/updatedeploystatus. DeploymentId is 4842194a-49f1-4ea2-9b4a-93f1822c8ae1" date="2023-11-16T00:33:24.615" /><!-- duration: 3ms -->
          <step title="Begin HttpPost https://conform3d.scm.azurewebsites.net/api/app/updatedeploystatus, x-ms-request-id: 00000000-0000-0000-0000-000000000000" date="2023-11-16T00:33:24.639" /><!-- duration: 3ms -->
          <step title="End HttpPost, status: OK" date="2023-11-16T00:33:24.702" /><!-- duration: 10ms -->
          <step title="Cleaning up temporary deployment - fetch deployment was successful" date="2023-11-16T00:33:24.715" /><!-- duration: 3ms -->
        </step><!-- duration: 5133ms -->
      </step><!-- duration: 6680ms -->
