<step title="Incoming Request" date="2023-11-15T10:18:52.979" instance="c8fb3b" url="/api/zipdeploy?isAsync=true" method="POST" type="request" pid="87,1,16" Host="conform3d.scm.azurewebsites.net" User-Agent="websdk/WebSdk_VisualStudio_17.0" Authorization="Bas..." Content-Type="application/zip; charset=utf-8" Expect="100-continue" Content-Length="3029234" X-ARR-LOG-ID="d5abb1ee-605e-4e98-a99e-4936f7378e97" CLIENT-IP="206.83.113.121:12736" X-Client-IP="206.83.113.121" X-SITE-DEPLOYMENT-ID="conform3d" WAS-DEFAULT-HOSTNAME="conform3d.scm.azurewebsites.net" X-Forwarded-Proto="https" X-AppService-Proto="https" X-Forwarded-TlsVersion="1.3" X-WAWS-Unencoded-URL="/api/zipdeploy?isAsync=true" X-Client-Port="12736" Content-Encoding="utf-8" >
  <step title="ZipPushDeploy" date="2023-11-15T10:19:03.735" >
    <step title="ZipDeploy. Extract zip." date="2023-11-15T10:19:03.758" /><!-- duration: 6ms -->
    <step title="None repository commit" date="2023-11-15T10:19:03.880" >
      <step title="Commit id: b42baab6-2ec1-4d55-aa3e-ecff7c174f3c" date="2023-11-15T10:19:03.883" Message="N/A" AuthorName="N/A" AuthorEmail="N/A" /><!-- duration: 2ms -->
    </step><!-- duration: 7ms -->
    <step title="Writing artifact to /tmp/zipdeploy/a45070d9-e50f-4d5e-95c9-5c0eaaaedf96.zip" date="2023-11-15T10:19:04.318" /><!-- duration: 314ms -->
    <step title="Start deployment in the background" date="2023-11-15T10:19:04.655" >
      <step title="Acquiring Deployment Lock" date="2023-11-15T10:19:04.683" /><!-- duration: 3ms -->
      <step title="Acquired Deployment Lock" date="2023-11-15T10:19:04.742" /><!-- duration: 16ms -->
    </step><!-- duration: 356ms -->
  </step><!-- duration: 1282ms -->
  <step title="Outgoing response" date="2023-11-15T10:19:05.037" type="response" statusCode="202" statusText="Accepted" /><!-- duration: 2ms -->
</step><!-- duration: 12063ms -->
