<step title="Incoming Request" date="2023-11-15T10:07:02.799" instance="c8fb3b" url="/api/deployments/latest?deployer=Push-Deployer&amp;time=2023-11-15_10-06-39Z" method="GET" type="request" pid="87,1,21" Host="conform3d.scm.azurewebsites.net" User-Agent="websdk/WebSdk_VisualStudio_17.0 websdk/WebSdk_VisualStudio_17.0 websdk/WebSdk_VisualStudio_17.0 websdk/WebSdk_VisualStudio_17.0 websdk/WebSdk_VisualStudio_17.0 websdk/WebSdk_VisualStudio_17.0 websdk/WebSdk_VisualStudio_17.0 websdk/WebSdk_VisualStudio_17.0" Authorization="Bas..." Cookie="ARRAffinity=c8fb3b5a823bfbb2d788ddf199e5ecc35671bb8032d40fd8731abd02a1110dbd; ARRAffinitySameSite=c8fb3b5a823bfbb2d788ddf199e5ecc35671bb8032d40fd8731abd02a1110dbd" X-ARR-LOG-ID="4a7ad451-d259-4cda-b9af-3c16357b2127" CLIENT-IP="206.83.113.121:56109" X-Client-IP="206.83.113.121" X-SITE-DEPLOYMENT-ID="conform3d" WAS-DEFAULT-HOSTNAME="conform3d.scm.azurewebsites.net" X-Forwarded-Proto="https" X-AppService-Proto="https" X-Forwarded-TlsVersion="1.3" X-WAWS-Unencoded-URL="/api/deployments/latest?deployer=Push-Deployer&amp;time=2023-11-15_10-06-39Z" X-Client-Port="56109" >
  <step title="Cleanup Xml Logs" date="2023-11-15T10:07:02.802" /><!-- duration: 5ms -->
  <step title="DeploymentService.GetResult" date="2023-11-15T10:07:02.814" >
    <step title="DeploymentService.GetLatestDeployment" date="2023-11-15T10:07:02.817" >
      <step title="DeploymentManager.GetResults" date="2023-11-15T10:07:02.820" /><!-- duration: 162ms -->
      <step title="Deployment a66c670e-0990-4dfd-803a-c39f630b2927 is Building" date="2023-11-15T10:07:02.984" /><!-- duration: 3ms -->
    </step><!-- duration: 172ms -->
  </step><!-- duration: 179ms -->
  <step title="Outgoing response" date="2023-11-15T10:07:02.997" type="response" statusCode="202" statusText="Accepted" /><!-- duration: 2ms -->
</step><!-- duration: 202ms -->
