<step title="Incoming Request" date="2023-11-15T10:06:19.888" instance="c8fb3b" url="/api/zipdeploy?isAsync=true" method="POST" type="request" pid="87,1,22" Host="conform3d.scm.azurewebsites.net" User-Agent="websdk/WebSdk_VisualStudio_17.0" Authorization="Bas..." Content-Type="application/zip; charset=utf-8" Expect="100-continue" Content-Length="3029231" X-ARR-LOG-ID="45b63479-66bb-47cf-8e73-1dfb271ebba0" CLIENT-IP="206.83.113.121:56109" X-Client-IP="206.83.113.121" X-SITE-DEPLOYMENT-ID="conform3d" WAS-DEFAULT-HOSTNAME="conform3d.scm.azurewebsites.net" X-Forwarded-Proto="https" X-AppService-Proto="https" X-Forwarded-TlsVersion="1.3" X-WAWS-Unencoded-URL="/api/zipdeploy?isAsync=true" X-Client-Port="56109" Content-Encoding="utf-8" >
  <step title="Cleanup Xml Logs" date="2023-11-15T10:06:19.891" /><!-- duration: 7ms -->
  <step title="ZipPushDeploy" date="2023-11-15T10:06:20.238" >
    <step title="ZipDeploy. Extract zip." date="2023-11-15T10:06:20.260" /><!-- duration: 2ms -->
    <step title="None repository commit" date="2023-11-15T10:06:20.381" >
      <step title="Commit id: a66c670e-0990-4dfd-803a-c39f630b2927" date="2023-11-15T10:06:20.387" Message="N/A" AuthorName="N/A" AuthorEmail="N/A" /><!-- duration: 3ms -->
    </step><!-- duration: 12ms -->
    <step title="Writing artifact to /tmp/zipdeploy/cdd1ca96-46af-4949-aaaa-c42883d24948.zip" date="2023-11-15T10:06:21.123" /><!-- duration: 15574ms -->
    <step title="Start deployment in the background" date="2023-11-15T10:06:36.712" >
      <step title="Acquiring Deployment Lock" date="2023-11-15T10:06:36.735" /><!-- duration: 3ms -->
      <step title="Acquired Deployment Lock" date="2023-11-15T10:06:37.418" /><!-- duration: 2ms -->
    </step><!-- duration: 2324ms -->
  </step><!-- duration: 18853ms -->
  <step title="Outgoing response" date="2023-11-15T10:06:39.107" type="response" statusCode="202" statusText="Accepted" /><!-- duration: 3ms -->
</step><!-- duration: 19224ms -->
