<step title="Incoming Request" date="2023-11-15T10:38:49.952" instance="c8fb3b" url="/api/deployments/latest?deployer=Push-Deployer&amp;time=2023-11-15_10-38-45Z" method="GET" type="request" pid="86,1,22" Host="conform3d.scm.azurewebsites.net" User-Agent="websdk/WebSdk_VisualStudio_17.0 websdk/WebSdk_VisualStudio_17.0 websdk/WebSdk_VisualStudio_17.0" Authorization="Bas..." Cookie="ARRAffinity=c8fb3b5a823bfbb2d788ddf199e5ecc35671bb8032d40fd8731abd02a1110dbd; ARRAffinitySameSite=c8fb3b5a823bfbb2d788ddf199e5ecc35671bb8032d40fd8731abd02a1110dbd" X-ARR-LOG-ID="5ad5ee1d-2016-41c3-bd4f-1dcf46365519" CLIENT-IP="206.83.113.121:46311" X-Client-IP="206.83.113.121" X-SITE-DEPLOYMENT-ID="conform3d" WAS-DEFAULT-HOSTNAME="conform3d.scm.azurewebsites.net" X-Forwarded-Proto="https" X-AppService-Proto="https" X-Forwarded-TlsVersion="1.3" X-WAWS-Unencoded-URL="/api/deployments/latest?deployer=Push-Deployer&amp;time=2023-11-15_10-38-45Z" X-Client-Port="46311" >
  <step title="Cleanup Xml Logs" date="2023-11-15T10:38:49.955" /><!-- duration: 6ms -->
  <step title="DeploymentService.GetResult" date="2023-11-15T10:38:49.972" >
    <step title="DeploymentService.GetLatestDeployment" date="2023-11-15T10:38:49.981" >
      <step title="DeploymentManager.GetResults" date="2023-11-15T10:38:49.988" /><!-- duration: 238ms -->
      <step title="Deployment temp-bfa4bca2 is Pending" date="2023-11-15T10:38:50.235" /><!-- duration: 3ms -->
    </step><!-- duration: 259ms -->
  </step><!-- duration: 272ms -->
  <step title="Outgoing response" date="2023-11-15T10:38:50.264" type="response" statusCode="202" statusText="Accepted" /><!-- duration: 2ms -->
</step><!-- duration: 321ms -->
