<step title="Incoming Request" date="2023-11-15T10:19:16.156" instance="c8fb3b" url="/api/deployments/latest?deployer=Push-Deployer&amp;time=2023-11-15_10-19-05Z" method="GET" type="request" pid="87,1,21" Host="conform3d.scm.azurewebsites.net" User-Agent="websdk/WebSdk_VisualStudio_17.0 websdk/WebSdk_VisualStudio_17.0 websdk/WebSdk_VisualStudio_17.0 websdk/WebSdk_VisualStudio_17.0 websdk/WebSdk_VisualStudio_17.0" Authorization="Bas..." Cookie="ARRAffinity=c8fb3b5a823bfbb2d788ddf199e5ecc35671bb8032d40fd8731abd02a1110dbd; ARRAffinitySameSite=c8fb3b5a823bfbb2d788ddf199e5ecc35671bb8032d40fd8731abd02a1110dbd" X-ARR-LOG-ID="a79cbb1f-11e1-4948-821e-961508a1352a" CLIENT-IP="206.83.113.121:12736" X-Client-IP="206.83.113.121" X-SITE-DEPLOYMENT-ID="conform3d" WAS-DEFAULT-HOSTNAME="conform3d.scm.azurewebsites.net" X-Forwarded-Proto="https" X-AppService-Proto="https" X-Forwarded-TlsVersion="1.3" X-WAWS-Unencoded-URL="/api/deployments/latest?deployer=Push-Deployer&amp;time=2023-11-15_10-19-05Z" X-Client-Port="12736" >
  <step title="Cleanup Xml Logs" date="2023-11-15T10:19:16.182" /><!-- duration: 15ms -->
  <step title="DeploymentService.GetResult" date="2023-11-15T10:19:16.207" >
    <step title="DeploymentService.GetLatestDeployment" date="2023-11-15T10:19:16.215" >
      <step title="DeploymentManager.GetResults" date="2023-11-15T10:19:16.220" /><!-- duration: 197ms -->
      <step title="Deployment temp-bb261ffa is Pending" date="2023-11-15T10:19:16.419" /><!-- duration: 3ms -->
    </step><!-- duration: 215ms -->
  </step><!-- duration: 226ms -->
  <step title="Outgoing response" date="2023-11-15T10:19:16.436" type="response" statusCode="202" statusText="Accepted" /><!-- duration: 3ms -->
</step><!-- duration: 286ms -->
