<step title="Incoming Request" date="2023-11-15T10:38:21.085" instance="c8fb3b" url="/api/zipdeploy?isAsync=true" method="POST" type="request" pid="86,1,21" Host="conform3d.scm.azurewebsites.net" User-Agent="websdk/WebSdk_VisualStudio_17.0" Authorization="Bas..." Content-Type="application/zip; charset=utf-8" Expect="100-continue" Content-Length="3029230" X-ARR-LOG-ID="da2f4797-c6e6-4468-84a1-c62688153466" CLIENT-IP="206.83.113.121:46311" X-Client-IP="206.83.113.121" X-SITE-DEPLOYMENT-ID="conform3d" WAS-DEFAULT-HOSTNAME="conform3d.scm.azurewebsites.net" X-Forwarded-Proto="https" X-AppService-Proto="https" X-Forwarded-TlsVersion="1.3" X-WAWS-Unencoded-URL="/api/zipdeploy?isAsync=true" X-Client-Port="46311" Content-Encoding="utf-8" >
  <step title="ZipPushDeploy" date="2023-11-15T10:38:22.489" >
    <step title="ZipDeploy. Extract zip." date="2023-11-15T10:38:22.504" /><!-- duration: 2ms -->
    <step title="None repository commit" date="2023-11-15T10:38:22.616" >
      <step title="Commit id: b5fa36b1-ed89-48ce-8633-4ec0b3c41ae8" date="2023-11-15T10:38:22.620" Message="N/A" AuthorName="N/A" AuthorEmail="N/A" /><!-- duration: 2ms -->
    </step><!-- duration: 8ms -->
    <step title="Writing artifact to /tmp/zipdeploy/3f21a36e-47b7-4fd0-94c7-ef92bbeeebc7.zip" date="2023-11-15T10:38:23.053" /><!-- duration: 21827ms -->
    <step title="Start deployment in the background" date="2023-11-15T10:38:44.900" >
      <step title="Acquiring Deployment Lock" date="2023-11-15T10:38:44.928" /><!-- duration: 9ms -->
      <step title="Acquired Deployment Lock" date="2023-11-15T10:38:44.998" /><!-- duration: 3ms -->
    </step><!-- duration: 499ms -->
  </step><!-- duration: 22942ms -->
  <step title="Outgoing response" date="2023-11-15T10:38:45.448" type="response" statusCode="202" statusText="Accepted" /><!-- duration: 3ms -->
</step><!-- duration: 24369ms -->
