<step title="BackgroundTrace" date="2023-11-15T10:19:04.658" instance="c8fb3b" url="/api/zipdeploy" method="POST" >
  <step title="Cleanup Xml Logs" date="2023-11-15T10:19:04.661" /><!-- duration: 5ms -->
  <step title="Creating temporary deployment - FetchDeploymentManager" date="2023-11-15T10:19:04.769" /><!-- duration: 8ms -->
  <step title="Creating temporary deployment" date="2023-11-15T10:19:04.786" /><!-- duration: 221ms -->
  <step title="Performing fetch based deployment" date="2023-11-15T10:19:05.099" >
    <step title="Cleaning up temp folders from previous zip deployments and extracting pushed zip file /tmp/zipdeploy/a45070d9-e50f-4d5e-95c9-5c0eaaaedf96.zip (2.89 MB) to /tmp/zipdeploy/extracted" date="2023-11-15T10:19:06.272" >
      <step title="ChmodRecursive Process exited with total time taken in ms: 282" date="2023-11-15T10:19:06.845" /><!-- duration: 8ms -->
    </step><!-- duration: 585ms -->
    <step title="Before sending BuildRequestReceived status to /api/updatedeploystatus" date="2023-11-15T10:19:08.890" /><!-- duration: 5ms -->
    <step title=" PostAsync - Trying to send BuildRequestReceived deployment status to /api/app/updatedeploystatus. DeploymentId is b42baab6-2ec1-4d55-aa3e-ecff7c174f3c" date="2023-11-15T10:19:08.899" /><!-- duration: 3ms -->
    <step title=" PostAsync - Trying to send BuildInProgress deployment status to /api/app/updatedeploystatus. DeploymentId is b42baab6-2ec1-4d55-aa3e-ecff7c174f3c" date="2023-11-15T10:19:10.102" /><!-- duration: 6ms -->
    <step title="Deployment timer started" date="2023-11-15T10:19:10.213" >
      <step title="DeploymentManager.Deploy(id:b42baab6-2ec1-4d55-aa3e-ecff7c174f3c)" date="2023-11-15T10:19:10.219" >
        <step title="Collecting changeset information" date="2023-11-15T10:19:10.236" /><!-- duration: 162ms -->
        <step title="Updating submodules" date="2023-11-15T10:19:10.402" /><!-- duration: 1096ms -->
        <step title="Determining deployment builder" date="2023-11-15T10:19:11.675" >
          <step title="Builder is BasicBuilder" date="2023-11-15T10:19:11.695" /><!-- duration: 3ms -->
        </step><!-- duration: 25ms -->
        <step title="PreDeployment: context.CleanOutputPath False" date="2023-11-15T10:19:11.730" >
          <step title="PreDeployment: context.OutputPath /home/site/wwwroot" date="2023-11-15T10:19:11.808" >
            <step title="Building" date="2023-11-15T10:19:11.899" >
              <step title="Generating deployment script" date="2023-11-15T10:19:11.982" >
                <step title="Using cached version of the deployment script for command: -y --no-dot-deployment -r &quot;/tmp/zipdeploy/extracted&quot; -o &quot;/home/site/deployments/tools&quot; --basic --sitePath &quot;/tmp/zipdeploy/extracted&quot;" date="2023-11-15T10:19:12.045" /><!-- duration: 2ms -->
              </step><!-- duration: 81ms -->
              <step title="Executing external process" date="2023-11-15T10:19:12.198" type="process" path="starter.sh" arguments="&quot;/home/site/deployments/tools/deploy.sh&quot;" /><!-- duration: 2943ms -->
              <step title="Triggering recycle (preview mode disabled)." date="2023-11-15T10:19:15.492" /><!-- duration: 3ms -->
              <step title="Modified file to trigger a restart of the app container." date="2023-11-15T10:19:15.518" /><!-- duration: 2ms -->
              <step title="Skip function trigger and logicapp sync because function is not enabled." date="2023-11-15T10:19:15.533" /><!-- duration: 3ms -->
            </step><!-- duration: 4291ms -->
          </step><!-- duration: 4406ms -->
          <step title="Cleaning up temp files" date="2023-11-15T10:19:16.218" /><!-- duration: 8ms -->
          <step title="Cleaning up temp files" date="2023-11-15T10:19:16.245" /><!-- duration: 705ms -->
          <step title="Reloading status file with latest updates" date="2023-11-15T10:19:16.981" >
            <step title="WebHooksManager.PublishEventAsync: PostDeployment" date="2023-11-15T10:19:16.986" /><!-- duration: 83ms -->
          </step><!-- duration: 91ms -->
          <step title=" PostAsync - Trying to send BuildSuccessful deployment status to /api/app/updatedeploystatus. DeploymentId is b42baab6-2ec1-4d55-aa3e-ecff7c174f3c" date="2023-11-15T10:19:17.080" /><!-- duration: 5ms -->
          <step title="Begin HttpPost https://conform3d.scm.azurewebsites.net/api/app/updatedeploystatus, x-ms-request-id: 00000000-0000-0000-0000-000000000000" date="2023-11-15T10:19:17.104" /><!-- duration: 3ms -->
          <step title="End HttpPost, status: OK" date="2023-11-15T10:19:17.208" /><!-- duration: 8ms -->
          <step title="Cleaning up temporary deployment - fetch deployment was successful" date="2023-11-15T10:19:17.219" /><!-- duration: 19ms -->
        </step><!-- duration: 5595ms -->
      </step><!-- duration: 7123ms -->
