<step title="Incoming Request" date="2023-11-15T23:38:30.279" instance="c8fb3b" url="/api/deployments/latest?deployer=Push-Deployer&amp;time=2023-11-15_23-38-21Z" method="GET" type="request" pid="88,1,7" Host="conform3d.scm.azurewebsites.net" User-Agent="websdk/WebSdk_VisualStudio_17.0 websdk/WebSdk_VisualStudio_17.0 websdk/WebSdk_VisualStudio_17.0" Authorization="Bas..." Cookie="ARRAffinity=c8fb3b5a823bfbb2d788ddf199e5ecc35671bb8032d40fd8731abd02a1110dbd; ARRAffinitySameSite=c8fb3b5a823bfbb2d788ddf199e5ecc35671bb8032d40fd8731abd02a1110dbd" X-ARR-LOG-ID="d7057273-af96-4cef-a753-3bf68d44ece5" CLIENT-IP="206.83.113.121:13141" X-Client-IP="206.83.113.121" X-SITE-DEPLOYMENT-ID="conform3d" WAS-DEFAULT-HOSTNAME="conform3d.scm.azurewebsites.net" X-Forwarded-Proto="https" X-AppService-Proto="https" X-Forwarded-TlsVersion="1.3" X-WAWS-Unencoded-URL="/api/deployments/latest?deployer=Push-Deployer&amp;time=2023-11-15_23-38-21Z" X-Client-Port="13141" >
  <step title="Cleanup Xml Logs" date="2023-11-15T23:38:30.291" /><!-- duration: 5ms -->
  <step title="DeploymentService.GetResult" date="2023-11-15T23:38:30.305" >
    <step title="DeploymentService.GetLatestDeployment" date="2023-11-15T23:38:30.309" >
      <step title="DeploymentManager.GetResults" date="2023-11-15T23:38:30.317" /><!-- duration: 233ms -->
      <step title="Deployment temp-b01fa0c6 is Pending" date="2023-11-15T23:38:30.556" /><!-- duration: 2ms -->
    </step><!-- duration: 252ms -->
  </step><!-- duration: 263ms -->
  <step title="Outgoing response" date="2023-11-15T23:38:30.587" type="response" statusCode="202" statusText="Accepted" /><!-- duration: 9ms -->
</step><!-- duration: 319ms -->
