<step title="Incoming Request" date="2023-11-15T23:38:08.248" instance="c8fb3b" url="/api/zipdeploy?isAsync=true" method="POST" type="request" pid="88,1,7" Host="conform3d.scm.azurewebsites.net" User-Agent="websdk/WebSdk_VisualStudio_17.0" Authorization="Bas..." Content-Type="application/zip; charset=utf-8" Expect="100-continue" Content-Length="3029554" X-ARR-LOG-ID="5a93c6ba-09e8-43bf-aaf8-e374a242dc9e" CLIENT-IP="206.83.113.121:13141" X-Client-IP="206.83.113.121" X-SITE-DEPLOYMENT-ID="conform3d" WAS-DEFAULT-HOSTNAME="conform3d.scm.azurewebsites.net" X-Forwarded-Proto="https" X-AppService-Proto="https" X-Forwarded-TlsVersion="1.3" X-WAWS-Unencoded-URL="/api/zipdeploy?isAsync=true" X-Client-Port="13141" Content-Encoding="utf-8" >
  <step title="Cleanup Xml Logs" date="2023-11-15T23:38:08.270" /><!-- duration: 24ms -->
  <step title="ZipPushDeploy" date="2023-11-15T23:38:08.735" >
    <step title="ZipDeploy. Extract zip." date="2023-11-15T23:38:08.781" /><!-- duration: 3ms -->
    <step title="None repository commit" date="2023-11-15T23:38:09.034" >
      <step title="Commit id: 3f6b26bd-f953-4baa-a625-504653244d7b" date="2023-11-15T23:38:09.044" Message="N/A" AuthorName="N/A" AuthorEmail="N/A" /><!-- duration: 30ms -->
    </step><!-- duration: 48ms -->
    <step title="Writing artifact to /tmp/zipdeploy/85867e21-e219-4e90-b587-c53c27f9103a.zip" date="2023-11-15T23:38:09.798" /><!-- duration: 8369ms -->
    <step title="Start deployment in the background" date="2023-11-15T23:38:18.356" >
      <step title="Acquiring Deployment Lock" date="2023-11-15T23:38:18.403" /><!-- duration: 2ms -->
      <step title="Acquired Deployment Lock" date="2023-11-15T23:38:18.494" /><!-- duration: 3ms -->
    </step><!-- duration: 3396ms -->
  </step><!-- duration: 13048ms -->
  <step title="Outgoing response" date="2023-11-15T23:38:21.830" type="response" statusCode="202" statusText="Accepted" /><!-- duration: 3ms -->
</step><!-- duration: 13587ms -->
