<step title="Incoming Request" date="2025-07-16T06:30:55.355" instance="47b374" url="/api/zipdeploy?isAsync=true" method="POST" type="request" pid="823,1,27" Host="conform3d.scm.azurewebsites.net" User-Agent="websdk/WebSdk_VisualStudio_17.0" Authorization="Bea..." Content-Type="application/zip; charset=utf-8" Expect="100-continue" Content-Length="2779115" X-ARR-LOG-ID="2427e289-53a2-4ba8-a721-394383247a7a" CLIENT-IP="203.87.19.234:54451" X-SITE-DEPLOYMENT-ID="conform3d" WAS-DEFAULT-HOSTNAME="conform3d.scm.azurewebsites.net" X-Forwarded-Proto="https" X-AppService-Proto="https" X-Forwarded-TlsVersion="1.3" X-WAWS-Unencoded-URL="/api/zipdeploy?isAsync=true" X-Client-IP="203.87.19.234" X-Client-Port="54451" Content-Encoding="utf-8" >
  <step title="Cleanup Xml Logs" date="2025-07-16T06:30:55.360" /><!-- duration: 12ms -->
  <step title="ZipPushDeploy" date="2025-07-16T06:30:55.607" >
    <step title="ZipDeploy. Extract zip." date="2025-07-16T06:30:55.623" /><!-- duration: 3ms -->
    <step title="None repository commit" date="2025-07-16T06:30:55.637" >
      <step title="Commit id: 47026ff3-ef54-41a4-9ebe-b6fbf09ef1d4" date="2025-07-16T06:30:55.640" Message="N/A" AuthorName="N/A" AuthorEmail="N/A" /><!-- duration: 4ms -->
    </step><!-- duration: 11ms -->
    <step title="Starting PushDeployAsync" date="2025-07-16T06:30:55.857" /><!-- duration: 4ms -->
    <step title="Writing artifact to /tmp/zipdeploy/2307f2c7-5d85-4aef-9a9b-7b329548f44f.zip" date="2025-07-16T06:30:55.901" >
      <step title="Writing multipart request body to /tmp/zipdeploy/2307f2c7-5d85-4aef-9a9b-7b329548f44f.zip" date="2025-07-16T06:30:55.909" /><!-- duration: 8ms -->
    </step><!-- duration: 382ms -->
    <step title="Start deployment in the background" date="2025-07-16T06:30:56.302" >
      <step title="Acquiring Deployment Lock" date="2025-07-16T06:30:56.338" /><!-- duration: 4ms -->
      <step title="Acquired Deployment Lock" date="2025-07-16T06:30:56.393" /><!-- duration: 8ms -->
    </step><!-- duration: 259ms -->
  </step><!-- duration: 964ms -->
  <step title="Outgoing response" date="2025-07-16T06:30:56.592" type="response" statusCode="202" statusText="Accepted" /><!-- duration: 4ms -->
</step><!-- duration: 1246ms -->
