<step title="Incoming Request" date="2025-07-17T07:27:01.361" instance="47b374" url="/api/zipdeploy?isAsync=true" method="POST" type="request" pid="825,1,32" Host="conform3d.scm.azurewebsites.net" User-Agent="websdk/WebSdk_VisualStudio_17.0" Authorization="Bea..." Content-Type="application/zip; charset=utf-8" Expect="100-continue" Content-Length="2793955" X-ARR-LOG-ID="79044987-b928-4edd-8505-a8441213ca1a" CLIENT-IP="203.87.19.234:55073" X-SITE-DEPLOYMENT-ID="conform3d" WAS-DEFAULT-HOSTNAME="conform3d.scm.azurewebsites.net" X-Forwarded-Proto="https" X-AppService-Proto="https" X-Forwarded-TlsVersion="1.3" X-WAWS-Unencoded-URL="/api/zipdeploy?isAsync=true" X-Client-IP="203.87.19.234" X-Client-Port="55073" Content-Encoding="utf-8" >
  <step title="Cleanup Xml Logs" date="2025-07-17T07:27:01.378" /><!-- duration: 10ms -->
  <step title="ZipPushDeploy" date="2025-07-17T07:27:01.608" >
    <step title="ZipDeploy. Extract zip." date="2025-07-17T07:27:01.638" /><!-- duration: 1ms -->
    <step title="None repository commit" date="2025-07-17T07:27:01.688" >
      <step title="Commit id: 350a91a3-7e29-4c07-8414-df0bc98eb454" date="2025-07-17T07:27:01.690" Message="N/A" AuthorName="N/A" AuthorEmail="N/A" /><!-- duration: 26ms -->
    </step><!-- duration: 30ms -->
    <step title="Starting PushDeployAsync" date="2025-07-17T07:27:01.736" /><!-- duration: 3ms -->
    <step title="Writing artifact to /tmp/zipdeploy/271bd635-e4e1-4f47-a68f-f8da592af792.zip" date="2025-07-17T07:27:01.887" >
      <step title="Writing multipart request body to /tmp/zipdeploy/271bd635-e4e1-4f47-a68f-f8da592af792.zip" date="2025-07-17T07:27:01.898" /><!-- duration: 22ms -->
    </step><!-- duration: 633ms -->
    <step title="Start deployment in the background" date="2025-07-17T07:27:02.563" >
      <step title="Acquiring Deployment Lock" date="2025-07-17T07:27:02.621" /><!-- duration: 45ms -->
      <step title="Acquired Deployment Lock" date="2025-07-17T07:27:02.816" /><!-- duration: 1ms -->
    </step><!-- duration: 340ms -->
  </step><!-- duration: 1305ms -->
  <step title="Outgoing response" date="2025-07-17T07:27:02.940" type="response" statusCode="202" statusText="Accepted" /><!-- duration: 12ms -->
</step><!-- duration: 1591ms -->
