<step title="BackgroundTrace" date="2025-07-16T06:30:56.306" instance="47b374" url="/api/zipdeploy" method="POST" >
  <step title="Creating temporary deployment - FetchDeploymentManager" date="2025-07-16T06:30:56.406" /><!-- duration: 4ms -->
  <step title="Creating temporary deployment" date="2025-07-16T06:30:56.439" /><!-- duration: 117ms -->
  <step title="Performing fetch based deployment" date="2025-07-16T06:30:56.664" >
    <step title="Cleaning up temp folders from previous zip deployments and extracting pushed zip file /tmp/zipdeploy/2307f2c7-5d85-4aef-9a9b-7b329548f44f.zip (2.65 MB) to /tmp/zipdeploy/extracted" date="2025-07-16T06:30:58.274" >
      <step title="ChmodRecursive Process exited with total time taken in ms: 81" date="2025-07-16T06:30:58.640" /><!-- duration: 11ms -->
    </step><!-- duration: 381ms -->
    <step title="Deployment timer started" date="2025-07-16T06:31:00.681" >
      <step title="DeploymentManager.Deploy(id:47026ff3-ef54-41a4-9ebe-b6fbf09ef1d4)" date="2025-07-16T06:31:00.698" >
        <step title="Collecting changeset information" date="2025-07-16T06:31:00.732" /><!-- duration: 118ms -->
        <step title="Updating submodules" date="2025-07-16T06:31:00.860" /><!-- duration: 1183ms -->
        <step title="Determining deployment builder" date="2025-07-16T06:31:02.342" >
          <step title="Builder is BasicBuilder" date="2025-07-16T06:31:02.381" /><!-- duration: 5ms -->
        </step><!-- duration: 48ms -->
        <step title="PreDeployment: context.CleanOutputPath False" date="2025-07-16T06:31:02.509" >
          <step title="PreDeployment: context.OutputPath /home/site/wwwroot" date="2025-07-16T06:31:02.621" >
            <step title="Building" date="2025-07-16T06:31:02.761" >
              <step title="Executing external process" date="2025-07-16T06:31:03.117" type="process" path="starter.sh" arguments="/opt/Kudu/Scripts/parallel_rsync.sh /tmp/zipdeploy/extracted /home/site/wwwroot 8 /tmp/ False True  " /><!-- duration: 6145ms -->
              <step title="Triggering recycle (preview mode disabled)." date="2025-07-16T06:31:09.586" /><!-- duration: 5ms -->
              <step title="Modified file to trigger a restart of the app container." date="2025-07-16T06:31:09.627" /><!-- duration: 5ms -->
              <step title="Skip function trigger and logicapp sync because function is not enabled." date="2025-07-16T06:31:09.649" /><!-- duration: 11ms -->
            </step><!-- duration: 7908ms -->
          </step><!-- duration: 8057ms -->
          <step title="Cleaning up temp files" date="2025-07-16T06:31:10.682" /><!-- duration: 10ms -->
          <step title="Cleaning up temp files" date="2025-07-16T06:31:10.705" /><!-- duration: 507ms -->
          <step title="Reloading status file with latest updates" date="2025-07-16T06:31:11.583" >
            <step title="WebHooksManager.PublishEventAsync: PostDeployment" date="2025-07-16T06:31:11.603" /><!-- duration: 88ms -->
          </step><!-- duration: 117ms -->
          <step title="Cleaning up temporary deployment - fetch deployment was successful" date="2025-07-16T06:31:11.708" /><!-- duration: 4ms -->
        </step><!-- duration: 9267ms -->
      </step><!-- duration: 11107ms -->
