<step title="BackgroundTrace" date="2025-07-17T01:59:21.221" instance="47b374" url="/api/zipdeploy" method="POST" >
  <step title="Creating temporary deployment - FetchDeploymentManager" date="2025-07-17T01:59:21.593" /><!-- duration: 105ms -->
  <step title="Creating temporary deployment" date="2025-07-17T01:59:21.709" /><!-- duration: 145ms -->
  <step title="Performing fetch based deployment" date="2025-07-17T01:59:21.965" >
    <step title="Cleaning up temp folders from previous zip deployments and extracting pushed zip file /tmp/zipdeploy/86deca67-ee4c-463d-92ff-17369a246599.zip (2.65 MB) to /tmp/zipdeploy/extracted" date="2025-07-17T01:59:23.240" >
      <step title="ChmodRecursive Process exited with total time taken in ms: 105" date="2025-07-17T01:59:23.654" /><!-- duration: 5ms -->
    </step><!-- duration: 436ms -->
    <step title="Deployment timer started" date="2025-07-17T01:59:25.705" >
      <step title="DeploymentManager.Deploy(id:50cb9bca-9fd2-4e82-ab20-24f64916d829)" date="2025-07-17T01:59:25.720" >
        <step title="Collecting changeset information" date="2025-07-17T01:59:25.763" /><!-- duration: 122ms -->
        <step title="Updating submodules" date="2025-07-17T01:59:25.896" /><!-- duration: 1139ms -->
        <step title="Determining deployment builder" date="2025-07-17T01:59:27.298" >
          <step title="Builder is BasicBuilder" date="2025-07-17T01:59:27.333" /><!-- duration: 4ms -->
        </step><!-- duration: 43ms -->
        <step title="PreDeployment: context.CleanOutputPath False" date="2025-07-17T01:59:27.400" >
          <step title="PreDeployment: context.OutputPath /home/site/wwwroot" date="2025-07-17T01:59:27.522" >
            <step title="Building" date="2025-07-17T01:59:27.668" >
              <step title="Executing external process" date="2025-07-17T01:59:28.073" type="process" path="starter.sh" arguments="/opt/Kudu/Scripts/parallel_rsync.sh /tmp/zipdeploy/extracted /home/site/wwwroot 8 /tmp/ False True  " /><!-- duration: 5648ms -->
              <step title="Triggering recycle (preview mode disabled)." date="2025-07-17T01:59:34.417" /><!-- duration: 7ms -->
              <step title="Modified file to trigger a restart of the app container." date="2025-07-17T01:59:34.461" /><!-- duration: 12ms -->
              <step title="Skip function trigger and logicapp sync because function is not enabled." date="2025-07-17T01:59:34.489" /><!-- duration: 13ms -->
            </step><!-- duration: 7929ms -->
          </step><!-- duration: 8080ms -->
          <step title="Cleaning up temp files" date="2025-07-17T01:59:35.606" /><!-- duration: 28ms -->
          <step title="Cleaning up temp files" date="2025-07-17T01:59:35.638" /><!-- duration: 513ms -->
          <step title="Reloading status file with latest updates" date="2025-07-17T01:59:36.474" >
            <step title="WebHooksManager.PublishEventAsync: PostDeployment" date="2025-07-17T01:59:36.490" /><!-- duration: 74ms -->
          </step><!-- duration: 101ms -->
          <step title="Cleaning up temporary deployment - fetch deployment was successful" date="2025-07-17T01:59:36.584" /><!-- duration: 4ms -->
        </step><!-- duration: 9241ms -->
      </step><!-- duration: 10943ms -->
