<step title="BackgroundTrace" date="2025-07-17T04:16:25.482" instance="47b374" url="/api/zipdeploy" method="POST" >
  <step title="Creating temporary deployment - FetchDeploymentManager" date="2025-07-17T04:16:25.709" /><!-- duration: 3ms -->
  <step title="Creating temporary deployment" date="2025-07-17T04:16:25.717" /><!-- duration: 99ms -->
  <step title="Performing fetch based deployment" date="2025-07-17T04:16:25.921" >
    <step title="Cleaning up temp folders from previous zip deployments and extracting pushed zip file /tmp/zipdeploy/e7b9aea8-bac3-4e47-b149-6ba00bc9586d.zip (2.66 MB) to /tmp/zipdeploy/extracted" date="2025-07-17T04:16:27.300" >
      <step title="ChmodRecursive Process exited with total time taken in ms: 75" date="2025-07-17T04:16:27.731" /><!-- duration: 7ms -->
    </step><!-- duration: 443ms -->
    <step title="Deployment timer started" date="2025-07-17T04:16:29.810" >
      <step title="DeploymentManager.Deploy(id:52a3cc94-e0f1-4c8b-846b-84e609574cae)" date="2025-07-17T04:16:29.824" >
        <step title="Collecting changeset information" date="2025-07-17T04:16:29.898" /><!-- duration: 138ms -->
        <step title="Updating submodules" date="2025-07-17T04:16:30.045" /><!-- duration: 1154ms -->
        <step title="Determining deployment builder" date="2025-07-17T04:16:31.425" >
          <step title="Builder is BasicBuilder" date="2025-07-17T04:16:31.453" /><!-- duration: 4ms -->
        </step><!-- duration: 37ms -->
        <step title="PreDeployment: context.CleanOutputPath False" date="2025-07-17T04:16:31.509" >
          <step title="PreDeployment: context.OutputPath /home/site/wwwroot" date="2025-07-17T04:16:31.621" >
            <step title="Building" date="2025-07-17T04:16:31.803" >
              <step title="Executing external process" date="2025-07-17T04:16:32.116" type="process" path="starter.sh" arguments="/opt/Kudu/Scripts/parallel_rsync.sh /tmp/zipdeploy/extracted /home/site/wwwroot 8 /tmp/ False True  " /><!-- duration: 6625ms -->
              <step title="Triggering recycle (preview mode disabled)." date="2025-07-17T04:16:39.285" /><!-- duration: 4ms -->
              <step title="Modified file to trigger a restart of the app container." date="2025-07-17T04:16:39.325" /><!-- duration: 6ms -->
              <step title="Skip function trigger and logicapp sync because function is not enabled." date="2025-07-17T04:16:39.346" /><!-- duration: 10ms -->
              <step title="Purge deployment items" date="2025-07-17T04:16:40.573" >
                <step title="Remove b5fa36b1-, Success, received at 11/15/2023 10:38:51" date="2025-07-17T04:16:40.676" /><!-- duration: 28ms -->
              </step><!-- duration: 140ms -->
            </step><!-- duration: 9009ms -->
          </step><!-- duration: 9238ms -->
          <step title="Cleaning up temp files" date="2025-07-17T04:16:40.863" /><!-- duration: 14ms -->
          <step title="Cleaning up temp files" date="2025-07-17T04:16:40.880" /><!-- duration: 516ms -->
          <step title="Reloading status file with latest updates" date="2025-07-17T04:16:41.715" >
            <step title="WebHooksManager.PublishEventAsync: PostDeployment" date="2025-07-17T04:16:41.728" /><!-- duration: 98ms -->
          </step><!-- duration: 116ms -->
          <step title="Cleaning up temporary deployment - fetch deployment was successful" date="2025-07-17T04:16:41.839" /><!-- duration: 5ms -->
        </step><!-- duration: 10395ms -->
      </step><!-- duration: 12103ms -->
