<step title="Incoming Request" date="2025-07-16T07:07:52.467" instance="47b374" url="/api/zipdeploy?isAsync=true" method="POST" type="request" pid="823,1,30" Host="conform3d.scm.azurewebsites.net" User-Agent="websdk/WebSdk_VisualStudio_17.0" Authorization="Bea..." Content-Type="application/zip; charset=utf-8" Expect="100-continue" Content-Length="2782511" X-ARR-LOG-ID="bc55b206-a00b-410b-a153-687b2d172a85" CLIENT-IP="203.87.19.234:60173" X-SITE-DEPLOYMENT-ID="conform3d" WAS-DEFAULT-HOSTNAME="conform3d.scm.azurewebsites.net" X-Forwarded-Proto="https" X-AppService-Proto="https" X-Forwarded-TlsVersion="1.3" X-WAWS-Unencoded-URL="/api/zipdeploy?isAsync=true" X-Client-IP="203.87.19.234" X-Client-Port="60173" Content-Encoding="utf-8" >
  <step title="ZipPushDeploy" date="2025-07-16T07:07:53.355" >
    <step title="ZipDeploy. Extract zip." date="2025-07-16T07:07:53.394" /><!-- duration: 3ms -->
    <step title="None repository commit" date="2025-07-16T07:07:53.435" >
      <step title="Commit id: d8069e68-32c2-41f7-ba32-f2c90ae79451" date="2025-07-16T07:07:53.443" Message="N/A" AuthorName="N/A" AuthorEmail="N/A" /><!-- duration: 4ms -->
    </step><!-- duration: 20ms -->
    <step title="Starting PushDeployAsync" date="2025-07-16T07:07:53.463" /><!-- duration: 10ms -->
    <step title="Writing artifact to /tmp/zipdeploy/37fba9e7-04f7-454f-8a54-507843091da1.zip" date="2025-07-16T07:07:53.519" >
      <step title="Writing multipart request body to /tmp/zipdeploy/37fba9e7-04f7-454f-8a54-507843091da1.zip" date="2025-07-16T07:07:53.534" /><!-- duration: 10ms -->
    </step><!-- duration: 178ms -->
    <step title="Start deployment in the background" date="2025-07-16T07:07:53.763" >
      <step title="Acquiring Deployment Lock" date="2025-07-16T07:07:53.910" /><!-- duration: 30ms -->
      <step title="Acquired Deployment Lock" date="2025-07-16T07:07:54.031" /><!-- duration: 9ms -->
    </step><!-- duration: 407ms -->
  </step><!-- duration: 840ms -->
  <step title="Outgoing response" date="2025-07-16T07:07:54.224" type="response" statusCode="202" statusText="Accepted" /><!-- duration: 3ms -->
</step><!-- duration: 1763ms -->
