<step title="Incoming Request" date="2025-07-17T04:45:47.923" instance="47b374" url="/api/zipdeploy?isAsync=true" method="POST" type="request" pid="822,1,5" Host="conform3d.scm.azurewebsites.net" User-Agent="websdk/WebSdk_VisualStudio_17.0" Authorization="Bea..." Content-Type="application/zip; charset=utf-8" Expect="100-continue" Content-Length="2793955" X-ARR-LOG-ID="50410d58-eee1-4673-928a-436aa2a22f2e" CLIENT-IP="203.87.19.234:54447" X-SITE-DEPLOYMENT-ID="conform3d" WAS-DEFAULT-HOSTNAME="conform3d.scm.azurewebsites.net" X-Forwarded-Proto="https" X-AppService-Proto="https" X-Forwarded-TlsVersion="1.3" X-WAWS-Unencoded-URL="/api/zipdeploy?isAsync=true" X-Client-IP="203.87.19.234" X-Client-Port="54447" Content-Encoding="utf-8" >
  <step title="ZipPushDeploy" date="2025-07-17T04:45:48.983" >
    <step title="ZipDeploy. Extract zip." date="2025-07-17T04:45:49.795" /><!-- duration: 40ms -->
    <step title="None repository commit" date="2025-07-17T04:45:49.863" >
      <step title="Commit id: 0c58d8fa-6f53-4fdf-8666-85dc051bd4c9" date="2025-07-17T04:45:49.874" Message="N/A" AuthorName="N/A" AuthorEmail="N/A" /><!-- duration: 18ms -->
    </step><!-- duration: 39ms -->
    <step title="Starting PushDeployAsync" date="2025-07-17T04:45:49.915" /><!-- duration: 10ms -->
    <step title="Writing artifact to /tmp/zipdeploy/02be7fa2-27ea-43a2-9289-5a814debd37f.zip" date="2025-07-17T04:45:50.023" >
      <step title="Writing multipart request body to /tmp/zipdeploy/02be7fa2-27ea-43a2-9289-5a814debd37f.zip" date="2025-07-17T04:45:50.084" /><!-- duration: 20ms -->
    </step><!-- duration: 462ms -->
    <step title="Start deployment in the background" date="2025-07-17T04:45:50.525" >
      <step title="Acquiring Deployment Lock" date="2025-07-17T04:45:50.685" /><!-- duration: 19ms -->
      <step title="Acquired Deployment Lock" date="2025-07-17T04:45:50.936" /><!-- duration: 18ms -->
    </step><!-- duration: 1060ms -->
  </step><!-- duration: 2664ms -->
  <step title="Outgoing response" date="2025-07-17T04:45:51.807" type="response" statusCode="202" statusText="Accepted" /><!-- duration: 19ms -->
</step><!-- duration: 3932ms -->
