<step title="Incoming Request" date="2025-07-16T06:48:49.450" instance="47b374" url="/api/zipdeploy?isAsync=true" method="POST" type="request" pid="821,1,3" Host="conform3d.scm.azurewebsites.net" User-Agent="websdk/WebSdk_VisualStudio_17.0" Authorization="Bea..." Content-Type="application/zip; charset=utf-8" Expect="100-continue" Content-Length="2780024" X-ARR-LOG-ID="73199d82-a09d-4a3b-869b-66b96b44c540" CLIENT-IP="203.87.19.234:57041" X-SITE-DEPLOYMENT-ID="conform3d" WAS-DEFAULT-HOSTNAME="conform3d.scm.azurewebsites.net" X-Forwarded-Proto="https" X-AppService-Proto="https" X-Forwarded-TlsVersion="1.3" X-WAWS-Unencoded-URL="/api/zipdeploy?isAsync=true" X-Client-IP="203.87.19.234" X-Client-Port="57041" Content-Encoding="utf-8" >
  <step title="ZipPushDeploy" date="2025-07-16T06:48:50.362" >
    <step title="ZipDeploy. Extract zip." date="2025-07-16T06:48:50.379" /><!-- duration: 3ms -->
    <step title="None repository commit" date="2025-07-16T06:48:50.393" >
      <step title="Commit id: 8ec87f83-a4ee-48f9-b121-093dea66cf70" date="2025-07-16T06:48:50.397" Message="N/A" AuthorName="N/A" AuthorEmail="N/A" /><!-- duration: 4ms -->
    </step><!-- duration: 29ms -->
    <step title="Starting PushDeployAsync" date="2025-07-16T06:48:50.432" /><!-- duration: 11ms -->
    <step title="Writing artifact to /tmp/zipdeploy/6ee0fca3-ac48-4c3e-a822-f601e377646b.zip" date="2025-07-16T06:48:50.658" >
      <step title="Writing multipart request body to /tmp/zipdeploy/6ee0fca3-ac48-4c3e-a822-f601e377646b.zip" date="2025-07-16T06:48:50.688" /><!-- duration: 21ms -->
    </step><!-- duration: 252ms -->
    <step title="Start deployment in the background" date="2025-07-16T06:48:50.970" >
      <step title="Acquiring Deployment Lock" date="2025-07-16T06:48:51.060" /><!-- duration: 157ms -->
      <step title="Acquired Deployment Lock" date="2025-07-16T06:48:51.273" /><!-- duration: 4ms -->
    </step><!-- duration: 451ms -->
  </step><!-- duration: 1069ms -->
  <step title="Outgoing response" date="2025-07-16T06:48:51.460" type="response" statusCode="202" statusText="Accepted" /><!-- duration: 8ms -->
</step><!-- duration: 2030ms -->
