<step title="BackgroundTrace" date="2025-07-16T07:07:53.889" instance="47b374" url="/api/zipdeploy" method="POST" >
  <step title="Creating temporary deployment - FetchDeploymentManager" date="2025-07-16T07:07:54.045" /><!-- duration: 4ms -->
  <step title="Creating temporary deployment" date="2025-07-16T07:07:54.061" /><!-- duration: 104ms -->
  <step title="Performing fetch based deployment" date="2025-07-16T07:07:54.282" >
    <step title="Cleaning up temp folders from previous zip deployments and extracting pushed zip file /tmp/zipdeploy/37fba9e7-04f7-454f-8a54-507843091da1.zip (2.65 MB) to /tmp/zipdeploy/extracted" date="2025-07-16T07:07:55.525" >
      <step title="ChmodRecursive Process exited with total time taken in ms: 71" date="2025-07-16T07:07:55.907" /><!-- duration: 14ms -->
    </step><!-- duration: 402ms -->
    <step title="Deployment timer started" date="2025-07-16T07:07:57.966" >
      <step title="DeploymentManager.Deploy(id:d8069e68-32c2-41f7-ba32-f2c90ae79451)" date="2025-07-16T07:07:57.977" >
        <step title="Collecting changeset information" date="2025-07-16T07:07:57.993" /><!-- duration: 150ms -->
        <step title="Updating submodules" date="2025-07-16T07:07:58.153" /><!-- duration: 1127ms -->
        <step title="Determining deployment builder" date="2025-07-16T07:07:59.538" >
          <step title="Builder is BasicBuilder" date="2025-07-16T07:07:59.563" /><!-- duration: 5ms -->
        </step><!-- duration: 34ms -->
        <step title="PreDeployment: context.CleanOutputPath False" date="2025-07-16T07:07:59.614" >
          <step title="PreDeployment: context.OutputPath /home/site/wwwroot" date="2025-07-16T07:07:59.741" >
            <step title="Building" date="2025-07-16T07:07:59.878" >
              <step title="Executing external process" date="2025-07-16T07:08:00.246" type="process" path="starter.sh" arguments="/opt/Kudu/Scripts/parallel_rsync.sh /tmp/zipdeploy/extracted /home/site/wwwroot 8 /tmp/ False True  " /><!-- duration: 9493ms -->
              <step title="Triggering recycle (preview mode disabled)." date="2025-07-16T07:08:10.300" /><!-- duration: 13ms -->
              <step title="Modified file to trigger a restart of the app container." date="2025-07-16T07:08:10.346" /><!-- duration: 6ms -->
              <step title="Skip function trigger and logicapp sync because function is not enabled." date="2025-07-16T07:08:10.358" /><!-- duration: 9ms -->
            </step><!-- duration: 11793ms -->
          </step><!-- duration: 11967ms -->
          <step title="Cleaning up temp files" date="2025-07-16T07:08:11.718" /><!-- duration: 20ms -->
          <step title="Cleaning up temp files" date="2025-07-16T07:08:11.758" /><!-- duration: 522ms -->
          <step title="Reloading status file with latest updates" date="2025-07-16T07:08:12.342" >
            <step title="WebHooksManager.PublishEventAsync: PostDeployment" date="2025-07-16T07:08:12.360" /><!-- duration: 151ms -->
          </step><!-- duration: 188ms -->
          <step title="Cleaning up temporary deployment - fetch deployment was successful" date="2025-07-16T07:08:12.552" /><!-- duration: 20ms -->
        </step><!-- duration: 13077ms -->
      </step><!-- duration: 14827ms -->
