<step title="Incoming Request" date="2025-07-17T04:16:24.821" instance="47b374" url="/api/zipdeploy?isAsync=true" method="POST" type="request" pid="827,1,7" Host="conform3d.scm.azurewebsites.net" User-Agent="websdk/WebSdk_VisualStudio_17.0" Authorization="Bea..." Content-Type="application/zip; charset=utf-8" Expect="100-continue" Content-Length="2793452" X-ARR-LOG-ID="977f8e07-8e94-4ae0-a5e6-fef47709c46a" CLIENT-IP="203.87.19.234:51496" X-SITE-DEPLOYMENT-ID="conform3d" WAS-DEFAULT-HOSTNAME="conform3d.scm.azurewebsites.net" X-Forwarded-Proto="https" X-AppService-Proto="https" X-Forwarded-TlsVersion="1.3" X-WAWS-Unencoded-URL="/api/zipdeploy?isAsync=true" X-Client-IP="203.87.19.234" X-Client-Port="51496" Content-Encoding="utf-8" >
  <step title="Cleanup Xml Logs" date="2025-07-17T04:16:24.827" /><!-- duration: 10ms -->
  <step title="ZipPushDeploy" date="2025-07-17T04:16:24.993" >
    <step title="ZipDeploy. Extract zip." date="2025-07-17T04:16:25.003" /><!-- duration: 3ms -->
    <step title="None repository commit" date="2025-07-17T04:16:25.017" >
      <step title="Commit id: 52a3cc94-e0f1-4c8b-846b-84e609574cae" date="2025-07-17T04:16:25.020" Message="N/A" AuthorName="N/A" AuthorEmail="N/A" /><!-- duration: 3ms -->
    </step><!-- duration: 10ms -->
    <step title="Starting PushDeployAsync" date="2025-07-17T04:16:25.032" /><!-- duration: 3ms -->
    <step title="Writing artifact to /tmp/zipdeploy/e7b9aea8-bac3-4e47-b149-6ba00bc9586d.zip" date="2025-07-17T04:16:25.081" >
      <step title="Writing multipart request body to /tmp/zipdeploy/e7b9aea8-bac3-4e47-b149-6ba00bc9586d.zip" date="2025-07-17T04:16:25.089" /><!-- duration: 6ms -->
    </step><!-- duration: 280ms -->
    <step title="Start deployment in the background" date="2025-07-17T04:16:25.453" >
      <step title="Acquiring Deployment Lock" date="2025-07-17T04:16:25.624" /><!-- duration: 3ms -->
      <step title="Acquired Deployment Lock" date="2025-07-17T04:16:25.702" /><!-- duration: 4ms -->
    </step><!-- duration: 377ms -->
  </step><!-- duration: 849ms -->
  <step title="Outgoing response" date="2025-07-17T04:16:25.858" type="response" statusCode="202" statusText="Accepted" /><!-- duration: 8ms -->
</step><!-- duration: 1048ms -->
