<step title="BackgroundTrace" date="2025-07-17T04:45:50.553" instance="47b374" url="/api/zipdeploy" method="POST" >
  <step title="Creating temporary deployment - FetchDeploymentManager" date="2025-07-17T04:45:50.966" /><!-- duration: 10ms -->
  <step title="Creating temporary deployment" date="2025-07-17T04:45:51.336" /><!-- duration: 221ms -->
  <step title="Performing fetch based deployment" date="2025-07-17T04:45:51.989" >
    <step title="Cleaning up temp folders from previous zip deployments and extracting pushed zip file /tmp/zipdeploy/02be7fa2-27ea-43a2-9289-5a814debd37f.zip (2.66 MB) to /tmp/zipdeploy/extracted" date="2025-07-17T04:45:53.601" >
      <step title="ChmodRecursive Process exited with total time taken in ms: 169" date="2025-07-17T04:45:54.596" /><!-- duration: 19ms -->
    </step><!-- duration: 1044ms -->
    <step title="Deployment timer started" date="2025-07-17T04:45:56.679" >
      <step title="DeploymentManager.Deploy(id:0c58d8fa-6f53-4fdf-8666-85dc051bd4c9)" date="2025-07-17T04:45:56.692" >
        <step title="Collecting changeset information" date="2025-07-17T04:45:56.731" /><!-- duration: 210ms -->
        <step title="Updating submodules" date="2025-07-17T04:45:56.950" /><!-- duration: 1140ms -->
        <step title="Determining deployment builder" date="2025-07-17T04:45:58.959" >
          <step title="Builder is BasicBuilder" date="2025-07-17T04:45:58.999" /><!-- duration: 10ms -->
        </step><!-- duration: 76ms -->
        <step title="PreDeployment: context.CleanOutputPath False" date="2025-07-17T04:45:59.118" >
          <step title="PreDeployment: context.OutputPath /home/site/wwwroot" date="2025-07-17T04:45:59.260" >
            <step title="Building" date="2025-07-17T04:45:59.403" >
              <step title="Executing external process" date="2025-07-17T04:45:59.744" type="process" path="starter.sh" arguments="/opt/Kudu/Scripts/parallel_rsync.sh /tmp/zipdeploy/extracted /home/site/wwwroot 8 /tmp/ False True  " /><!-- duration: 8109ms -->
              <step title="Triggering recycle (preview mode disabled)." date="2025-07-17T04:46:08.280" /><!-- duration: 5ms -->
              <step title="Modified file to trigger a restart of the app container." date="2025-07-17T04:46:08.335" /><!-- duration: 5ms -->
              <step title="Skip function trigger and logicapp sync because function is not enabled." date="2025-07-17T04:46:08.382" /><!-- duration: 5ms -->
              <step title="Purge deployment items" date="2025-07-17T04:46:09.923" >
                <step title="Remove 3f6b26bd-, Success, received at 11/15/2023 23:38:31" date="2025-07-17T04:46:10.036" /><!-- duration: 4ms -->
              </step><!-- duration: 128ms -->
            </step><!-- duration: 10841ms -->
          </step><!-- duration: 11017ms -->
          <step title="Cleaning up temp files" date="2025-07-17T04:46:10.285" /><!-- duration: 19ms -->
          <step title="Cleaning up temp files" date="2025-07-17T04:46:10.334" /><!-- duration: 511ms -->
          <step title="Reloading status file with latest updates" date="2025-07-17T04:46:11.150" >
            <step title="WebHooksManager.PublishEventAsync: PostDeployment" date="2025-07-17T04:46:11.157" /><!-- duration: 199ms -->
          </step><!-- duration: 211ms -->
          <step title="Cleaning up temporary deployment - fetch deployment was successful" date="2025-07-17T04:46:11.370" /><!-- duration: 4ms -->
        </step><!-- duration: 12344ms -->
      </step><!-- duration: 14803ms -->
