<step title="Incoming Request" date="2025-07-17T02:15:46.029" instance="47b374" url="/api/zipdeploy?isAsync=true" method="POST" type="request" pid="822,1,33" Host="conform3d.scm.azurewebsites.net" User-Agent="websdk/WebSdk_VisualStudio_17.0" Authorization="Bea..." Content-Type="application/zip; charset=utf-8" Expect="100-continue" Content-Length="2782874" X-ARR-LOG-ID="17bea214-9868-4d22-bdbb-dfcdc2464c35" CLIENT-IP="203.87.19.234:57432" X-SITE-DEPLOYMENT-ID="conform3d" WAS-DEFAULT-HOSTNAME="conform3d.scm.azurewebsites.net" X-Forwarded-Proto="https" X-AppService-Proto="https" X-Forwarded-TlsVersion="1.3" X-WAWS-Unencoded-URL="/api/zipdeploy?isAsync=true" X-Client-IP="203.87.19.234" X-Client-Port="57432" Content-Encoding="utf-8" >
  <step title="Cleanup Xml Logs" date="2025-07-17T02:15:46.051" /><!-- duration: 31ms -->
  <step title="ZipPushDeploy" date="2025-07-17T02:15:46.160" >
    <step title="ZipDeploy. Extract zip." date="2025-07-17T02:15:46.173" /><!-- duration: 9ms -->
    <step title="None repository commit" date="2025-07-17T02:15:46.196" >
      <step title="Commit id: d30f26d0-dfe7-4cc8-88f5-9b36b7d0a78c" date="2025-07-17T02:15:46.199" Message="N/A" AuthorName="N/A" AuthorEmail="N/A" /><!-- duration: 4ms -->
    </step><!-- duration: 10ms -->
    <step title="Starting PushDeployAsync" date="2025-07-17T02:15:46.210" /><!-- duration: 3ms -->
    <step title="Writing artifact to /tmp/zipdeploy/808f26a3-260f-42c0-8423-3e4b4562f9d1.zip" date="2025-07-17T02:15:46.247" >
      <step title="Writing multipart request body to /tmp/zipdeploy/808f26a3-260f-42c0-8423-3e4b4562f9d1.zip" date="2025-07-17T02:15:46.253" /><!-- duration: 10ms -->
    </step><!-- duration: 244ms -->
    <step title="Start deployment in the background" date="2025-07-17T02:15:46.524" >
      <step title="Acquiring Deployment Lock" date="2025-07-17T02:15:46.561" /><!-- duration: 10ms -->
      <step title="Acquired Deployment Lock" date="2025-07-17T02:15:46.634" /><!-- duration: 4ms -->
    </step><!-- duration: 231ms -->
  </step><!-- duration: 607ms -->
  <step title="Outgoing response" date="2025-07-17T02:15:46.790" type="response" statusCode="202" statusText="Accepted" /><!-- duration: 3ms -->
</step><!-- duration: 773ms -->
