<step title="Incoming Request" date="2025-07-17T01:59:20.453" instance="47b374" url="/api/zipdeploy?isAsync=true" method="POST" type="request" pid="822,1,82" Host="conform3d.scm.azurewebsites.net" User-Agent="websdk/WebSdk_VisualStudio_17.0" Authorization="Bea..." Content-Type="application/zip; charset=utf-8" Expect="100-continue" Content-Length="2782868" X-ARR-LOG-ID="881baece-7037-4739-b6ed-48b5f21f4565" CLIENT-IP="203.87.19.234:55716" X-SITE-DEPLOYMENT-ID="conform3d" WAS-DEFAULT-HOSTNAME="conform3d.scm.azurewebsites.net" X-Forwarded-Proto="https" X-AppService-Proto="https" X-Forwarded-TlsVersion="1.3" X-WAWS-Unencoded-URL="/api/zipdeploy?isAsync=true" X-Client-IP="203.87.19.234" X-Client-Port="55716" Content-Encoding="utf-8" >
  <step title="Cleanup Xml Logs" date="2025-07-17T01:59:20.462" /><!-- duration: 13ms -->
  <step title="ZipPushDeploy" date="2025-07-17T01:59:20.694" >
    <step title="ZipDeploy. Extract zip." date="2025-07-17T01:59:20.711" /><!-- duration: 5ms -->
    <step title="None repository commit" date="2025-07-17T01:59:20.737" >
      <step title="Commit id: 50cb9bca-9fd2-4e82-ab20-24f64916d829" date="2025-07-17T01:59:20.742" Message="N/A" AuthorName="N/A" AuthorEmail="N/A" /><!-- duration: 5ms -->
    </step><!-- duration: 13ms -->
    <step title="Starting PushDeployAsync" date="2025-07-17T01:59:20.761" /><!-- duration: 4ms -->
    <step title="Writing artifact to /tmp/zipdeploy/86deca67-ee4c-463d-92ff-17369a246599.zip" date="2025-07-17T01:59:20.816" >
      <step title="Writing multipart request body to /tmp/zipdeploy/86deca67-ee4c-463d-92ff-17369a246599.zip" date="2025-07-17T01:59:20.839" /><!-- duration: 10ms -->
    </step><!-- duration: 375ms -->
    <step title="Start deployment in the background" date="2025-07-17T01:59:21.209" >
      <step title="Acquiring Deployment Lock" date="2025-07-17T01:59:21.252" /><!-- duration: 9ms -->
      <step title="Acquired Deployment Lock" date="2025-07-17T01:59:21.582" /><!-- duration: 7ms -->
    </step><!-- duration: 674ms -->
  </step><!-- duration: 1206ms -->
  <step title="Outgoing response" date="2025-07-17T01:59:21.913" type="response" statusCode="202" statusText="Accepted" /><!-- duration: 4ms -->
</step><!-- duration: 1468ms -->
