﻿<?xml version="1.0" encoding="utf-8"?>
<deployment>
  <id>0c58d8fa-6f53-4fdf-8666-85dc051bd4c9</id>
  <author>N/A</author>
  <deployer>Push-Deployer</deployer>
  <authorEmail>N/A</authorEmail>
  <message>Created via a push deployment</message>
  <progress></progress>
  <status>Success</status>
  <statusText></statusText>
  <lastSuccessEndTime>2025-07-17T04:46:08.854154Z</lastSuccessEndTime>
  <receivedTime>2025-07-17T04:45:56.8245472Z</receivedTime>
  <startTime>2025-07-17T04:45:58.895985Z</startTime>
  <endTime>2025-07-17T04:46:08.854154Z</endTime>
  <complete>True</complete>
  <is_temp>False</is_temp>
  <is_readonly>True</is_readonly>
  <buildSummary />
</deployment>