﻿<?xml version="1.0" encoding="utf-8"?>
<deployment>
  <id>50cb9bca-9fd2-4e82-ab20-24f64916d829</id>
  <author>N/A</author>
  <deployer>Push-Deployer</deployer>
  <authorEmail>N/A</authorEmail>
  <message>Created via a push deployment</message>
  <progress></progress>
  <status>Success</status>
  <statusText></statusText>
  <lastSuccessEndTime>2025-07-17T01:59:34.9057783Z</lastSuccessEndTime>
  <receivedTime>2025-07-17T01:59:25.8191901Z</receivedTime>
  <startTime>2025-07-17T01:59:27.2153563Z</startTime>
  <endTime>2025-07-17T01:59:34.9057783Z</endTime>
  <complete>True</complete>
  <is_temp>False</is_temp>
  <is_readonly>True</is_readonly>
  <buildSummary />
</deployment>