﻿<?xml version="1.0" encoding="utf-8"?>
<deployment>
  <id>8ec87f83-a4ee-48f9-b121-093dea66cf70</id>
  <author>N/A</author>
  <deployer>Push-Deployer</deployer>
  <authorEmail>N/A</authorEmail>
  <message>Created via a push deployment</message>
  <progress></progress>
  <status>Success</status>
  <statusText></statusText>
  <lastSuccessEndTime>2025-07-16T06:49:05.2453339Z</lastSuccessEndTime>
  <receivedTime>2025-07-16T06:48:55.903803Z</receivedTime>
  <startTime>2025-07-16T06:48:57.9180987Z</startTime>
  <endTime>2025-07-16T06:49:05.2453339Z</endTime>
  <complete>True</complete>
  <is_temp>False</is_temp>
  <is_readonly>True</is_readonly>
  <buildSummary />
</deployment>