﻿<?xml version="1.0" encoding="utf-8"?>
<deployment>
  <id>6b5c1da0-8342-4937-8290-c4c65d70c5a5</id>
  <author>N/A</author>
  <deployer>Push-Deployer</deployer>
  <authorEmail>N/A</authorEmail>
  <message>Created via a push deployment</message>
  <progress></progress>
  <status>Success</status>
  <statusText></statusText>
  <lastSuccessEndTime>2025-07-17T02:48:19.181073Z</lastSuccessEndTime>
  <receivedTime>2025-07-17T02:48:09.2713445Z</receivedTime>
  <startTime>2025-07-17T02:48:10.7042Z</startTime>
  <endTime>2025-07-17T02:48:19.181073Z</endTime>
  <complete>True</complete>
  <is_temp>False</is_temp>
  <is_readonly>True</is_readonly>
  <buildSummary />
</deployment>